GVKEY,datadate,fyearq,fqtr,indfmt,consol,popsrc,datafmt,conm,curcdq,datacqtr,datafqtr,atq,niq,revtq,costat,gsector,gsubind
2136,6/30/2010,2010,2,INDL,C,D,STD,VERIZON COMMUNICATIONS INC,USD,2010Q2,2010Q2,226251,-1192,27041,A,50,50101020
2136,9/30/2010,2010,3,INDL,C,D,STD,VERIZON COMMUNICATIONS INC,USD,2010Q3,2010Q3,220852,659,26484,A,50,50101020
2136,12/31/2010,2010,4,INDL,C,D,STD,VERIZON COMMUNICATIONS INC,USD,2010Q4,2010Q4,220005,2639,26395,A,50,50101020
2136,3/31/2011,2011,1,INDL,C,D,STD,VERIZON COMMUNICATIONS INC,USD,2011Q1,2011Q1,228108,1439,26990,A,50,50101020
2136,6/30/2011,2011,2,INDL,C,D,STD,VERIZON COMMUNICATIONS INC,USD,2011Q2,2011Q2,223756,1609,27536,A,50,50101020
2136,9/30/2011,2011,3,INDL,C,D,STD,VERIZON COMMUNICATIONS INC,USD,2011Q3,2011Q3,228032,1379,27913,A,50,50101020
2136,12/31/2011,2011,4,INDL,C,D,STD,VERIZON COMMUNICATIONS INC,USD,2011Q4,2011Q4,230461,-2023,28436,A,50,50101020
2136,3/31/2012,2012,1,INDL,C,D,STD,VERIZON COMMUNICATIONS INC,USD,2012Q1,2012Q1,222921,1686,28242,A,50,50101020
2136,6/30/2012,2012,2,INDL,C,D,STD,VERIZON COMMUNICATIONS INC,USD,2012Q2,2012Q2,226072,1825,28552,A,50,50101020
2136,9/30/2012,2012,3,INDL,C,D,STD,VERIZON COMMUNICATIONS INC,USD,2012Q3,2012Q3,231082,1593,29007,A,50,50101020
2136,12/31/2012,2012,4,INDL,C,D,STD,VERIZON COMMUNICATIONS INC,USD,2012Q4,2012Q4,225222,-4229,30045,A,50,50101020
2136,3/31/2013,2013,1,INDL,C,D,STD,VERIZON COMMUNICATIONS INC,USD,2013Q1,2013Q1,226186,1952,29420,A,50,50101020
2136,6/30/2013,2013,2,INDL,C,D,STD,VERIZON COMMUNICATIONS INC,USD,2013Q2,2013Q2,223346,2246,29786,A,50,50101020
2136,9/30/2013,2013,3,INDL,C,D,STD,VERIZON COMMUNICATIONS INC,USD,2013Q3,2013Q3,276675,2232,30279,A,50,50101020
2136,12/31/2013,2013,4,INDL,C,D,STD,VERIZON COMMUNICATIONS INC,USD,2013Q4,2013Q4,274098,5067,31065,A,50,50101020
2136,3/31/2014,2014,1,INDL,C,D,STD,VERIZON COMMUNICATIONS INC,USD,2014Q1,2014Q1,221562,3947,30818,A,50,50101020
2136,6/30/2014,2014,2,INDL,C,D,STD,VERIZON COMMUNICATIONS INC,USD,2014Q2,2014Q2,224427,4214,31483,A,50,50101020
2136,9/30/2014,2014,3,INDL,C,D,STD,VERIZON COMMUNICATIONS INC,USD,2014Q3,2014Q3,226293,3695,31586,A,50,50101020
2136,12/31/2014,2014,4,INDL,C,D,STD,VERIZON COMMUNICATIONS INC,USD,2014Q4,2014Q4,232708,-2231,33192,A,50,50101020
2136,3/31/2015,2015,1,INDL,C,D,STD,VERIZON COMMUNICATIONS INC,USD,2015Q1,2015Q1,235790,4219,31984,A,50,50101020
2136,6/30/2015,2015,2,INDL,C,D,STD,VERIZON COMMUNICATIONS INC,USD,2015Q2,2015Q2,240753,4231,32224,A,50,50101020
2136,9/30/2015,2015,3,INDL,C,D,STD,VERIZON COMMUNICATIONS INC,USD,2015Q3,2015Q3,242073,4038,33158,A,50,50101020
2136,12/31/2015,2015,4,INDL,C,D,STD,VERIZON COMMUNICATIONS INC,USD,2015Q4,2015Q4,244640,5391,34254,A,50,50101020
2136,3/31/2016,2016,1,INDL,C,D,STD,VERIZON COMMUNICATIONS INC,USD,2016Q1,2016Q1,244587,4310,32171,A,50,50101020
2136,6/30/2016,2016,2,INDL,C,D,STD,VERIZON COMMUNICATIONS INC,USD,2016Q2,2016Q2,231870,702,30532,A,50,50101020
2136,9/30/2016,2016,3,INDL,C,D,STD,VERIZON COMMUNICATIONS INC,USD,2016Q3,2016Q3,239498,3620,30937,A,50,50101020
2136,12/31/2016,2016,4,INDL,C,D,STD,VERIZON COMMUNICATIONS INC,USD,2016Q4,2016Q4,244180,4495,32340,A,50,50101020
2136,3/31/2017,2017,1,INDL,C,D,STD,VERIZON COMMUNICATIONS INC,USD,2017Q1,2017Q1,246731,3450,29814,A,50,50101020
2136,6/30/2017,2017,2,INDL,C,D,STD,VERIZON COMMUNICATIONS INC,USD,2017Q2,2017Q2,252978,4362,30548,A,50,50101020
2136,9/30/2017,2017,3,INDL,C,D,STD,VERIZON COMMUNICATIONS INC,USD,2017Q3,2017Q3,254682,3620,31717,A,50,50101020
2136,12/31/2017,2017,4,INDL,C,D,STD,VERIZON COMMUNICATIONS INC,USD,2017Q4,2017Q4,257143,18669,33955,A,50,50101020
2136,3/31/2018,2018,1,INDL,C,D,STD,VERIZON COMMUNICATIONS INC,USD,2018Q1,2018Q1,264516,4545,31772,A,50,50101020
2136,6/30/2018,2018,2,INDL,C,D,STD,VERIZON COMMUNICATIONS INC,USD,2018Q2,2018Q2,263303,4120,32203,A,50,50101020
2136,9/30/2018,2018,3,INDL,C,D,STD,VERIZON COMMUNICATIONS INC,USD,2018Q3,2018Q3,265562,4924,32607,A,50,50101020
2136,12/31/2018,2018,4,INDL,C,D,STD,VERIZON COMMUNICATIONS INC,USD,2018Q4,2018Q4,264829,1939,34281,A,50,50101020
2136,3/31/2019,2019,1,INDL,C,D,STD,VERIZON COMMUNICATIONS INC,USD,2019Q1,2019Q1,283947,5032,32128,A,50,50101020
2136,6/30/2019,2019,2,INDL,C,D,STD,VERIZON COMMUNICATIONS INC,USD,2019Q2,2019Q2,283108,3944,32071,A,50,50101020
2136,9/30/2019,2019,3,INDL,C,D,STD,VERIZON COMMUNICATIONS INC,USD,2019Q3,2019Q3,284875,5194,32894,A,50,50101020
2136,12/31/2019,2019,4,INDL,C,D,STD,VERIZON COMMUNICATIONS INC,USD,2019Q4,2019Q4,291727,5095,34775,A,50,50101020
2136,3/31/2020,2020,1,INDL,C,D,STD,VERIZON COMMUNICATIONS INC,USD,2020Q1,2020Q1,294500,4156,31610,A,50,50101020
2136,6/30/2020,2020,2,INDL,C,D,STD,VERIZON COMMUNICATIONS INC,USD,2020Q2,2020Q2,293259,4700,30447,A,50,50101020
2136,9/30/2020,2020,3,INDL,C,D,STD,VERIZON COMMUNICATIONS INC,USD,2020Q3,2020Q3,296994,4357,31543,A,50,50101020
2136,12/31/2020,2020,4,INDL,C,D,STD,VERIZON COMMUNICATIONS INC,USD,2020Q4,2020Q4,316481,4588,34692,A,50,50101020
2136,3/31/2021,2021,1,INDL,C,D,STD,VERIZON COMMUNICATIONS INC,USD,2021Q1,2021Q1,345573,5245,32867,A,50,50101020
2884,6/30/2010,2010,2,INDL,C,D,STD,LUMEN TECHNOLOGIES INC,USD,2010Q2,2010Q2,22199.584,238,1772,A,50,50101010
2884,9/30/2010,2010,3,INDL,C,D,STD,LUMEN TECHNOLOGIES INC,USD,2010Q3,2010Q3,22220.21,232,1748,A,50,50101010
2884,12/31/2010,2010,4,INDL,C,D,STD,LUMEN TECHNOLOGIES INC,USD,2010Q4,2010Q4,22038.098,225,1722,A,50,50101010
2884,3/31/2011,2011,1,INDL,C,D,STD,LUMEN TECHNOLOGIES INC,USD,2011Q1,2011Q1,21901.458,211,1696,A,50,50101010
2884,6/30/2011,2011,2,INDL,C,D,STD,LUMEN TECHNOLOGIES INC,USD,2011Q2,2011Q2,54842,115,4406,A,50,50101010
2884,9/30/2011,2011,3,INDL,C,D,STD,LUMEN TECHNOLOGIES INC,USD,2011Q3,2011Q3,56735,140,4596,A,50,50101010
2884,12/31/2011,2011,4,INDL,C,D,STD,LUMEN TECHNOLOGIES INC,USD,2011Q4,2011Q4,56139,107,4653,A,50,50101010
2884,3/31/2012,2012,1,INDL,C,D,STD,LUMEN TECHNOLOGIES INC,USD,2012Q1,2012Q1,56842,200,4610,A,50,50101010
2884,6/30/2012,2012,2,INDL,C,D,STD,LUMEN TECHNOLOGIES INC,USD,2012Q2,2012Q2,55090,74,4612,A,50,50101010
2884,9/30/2012,2012,3,INDL,C,D,STD,LUMEN TECHNOLOGIES INC,USD,2012Q3,2012Q3,54632,270,4571,A,50,50101010
2884,12/31/2012,2012,4,INDL,C,D,STD,LUMEN TECHNOLOGIES INC,USD,2012Q4,2012Q4,54020,233,4583,A,50,50101010
2884,3/31/2013,2013,1,INDL,C,D,STD,LUMEN TECHNOLOGIES INC,USD,2013Q1,2013Q1,53729,298,4513,A,50,50101010
2884,6/30/2013,2013,2,INDL,C,D,STD,LUMEN TECHNOLOGIES INC,USD,2013Q2,2013Q2,53254,269,4525,A,50,50101010
2884,9/30/2013,2013,3,INDL,C,D,STD,LUMEN TECHNOLOGIES INC,USD,2013Q3,2013Q3,51984,-1045,4515,A,50,50101010
2884,12/31/2013,2013,4,INDL,C,D,STD,LUMEN TECHNOLOGIES INC,USD,2013Q4,2013Q4,51787,239,4542,A,50,50101010
2884,3/31/2014,2014,1,INDL,C,D,STD,LUMEN TECHNOLOGIES INC,USD,2014Q1,2014Q1,51166,203,4538,A,50,50101010
2884,6/30/2014,2014,2,INDL,C,D,STD,LUMEN TECHNOLOGIES INC,USD,2014Q2,2014Q2,50614,193,4541,A,50,50101010
2884,9/30/2014,2014,3,INDL,C,D,STD,LUMEN TECHNOLOGIES INC,USD,2014Q3,2014Q3,50646,188,4514,A,50,50101010
2884,12/31/2014,2014,4,INDL,C,D,STD,LUMEN TECHNOLOGIES INC,USD,2014Q4,2014Q4,50147,188,4438,A,50,50101010
2884,3/31/2015,2015,1,INDL,C,D,STD,LUMEN TECHNOLOGIES INC,USD,2015Q1,2015Q1,49520,192,4451,A,50,50101010
2884,6/30/2015,2015,2,INDL,C,D,STD,LUMEN TECHNOLOGIES INC,USD,2015Q2,2015Q2,48977,143,4419,A,50,50101010
2884,9/30/2015,2015,3,INDL,C,D,STD,LUMEN TECHNOLOGIES INC,USD,2015Q3,2015Q3,48754,205,4554,A,50,50101010
2884,12/31/2015,2015,4,INDL,C,D,STD,LUMEN TECHNOLOGIES INC,USD,2015Q4,2015Q4,47604,338,4476,A,50,50101010
2884,3/31/2016,2016,1,INDL,C,D,STD,LUMEN TECHNOLOGIES INC,USD,2016Q1,2016Q1,47517,236,4401,A,50,50101010
2884,6/30/2016,2016,2,INDL,C,D,STD,LUMEN TECHNOLOGIES INC,USD,2016Q2,2016Q2,47118,196,4398,A,50,50101010
2884,9/30/2016,2016,3,INDL,C,D,STD,LUMEN TECHNOLOGIES INC,USD,2016Q3,2016Q3,46796,152,4382,A,50,50101010
2884,12/31/2016,2016,4,INDL,C,D,STD,LUMEN TECHNOLOGIES INC,USD,2016Q4,2016Q4,47017,42,4289,A,50,50101010
2884,3/31/2017,2017,1,INDL,C,D,STD,LUMEN TECHNOLOGIES INC,USD,2017Q1,2017Q1,46602,163,4209,A,50,50101010
2884,6/30/2017,2017,2,INDL,C,D,STD,LUMEN TECHNOLOGIES INC,USD,2017Q2,2017Q2,50925,17,4090,A,50,50101010
2884,9/30/2017,2017,3,INDL,C,D,STD,LUMEN TECHNOLOGIES INC,USD,2017Q3,2017Q3,50536,92,4034,A,50,50101010
2884,12/31/2017,2017,4,INDL,C,D,STD,LUMEN TECHNOLOGIES INC,USD,2017Q4,2017Q4,75611,1117,5323,A,50,50101010
2884,3/31/2018,2018,1,INDL,C,D,STD,LUMEN TECHNOLOGIES INC,USD,2018Q1,2018Q1,74793,115,5945,A,50,50101010
2884,6/30/2018,2018,2,INDL,C,D,STD,LUMEN TECHNOLOGIES INC,USD,2018Q2,2018Q2,74346,292,5902,A,50,50101010
2884,9/30/2018,2018,3,INDL,C,D,STD,LUMEN TECHNOLOGIES INC,USD,2018Q3,2018Q3,73371,272,5818,A,50,50101010
2884,12/31/2018,2018,4,INDL,C,D,STD,LUMEN TECHNOLOGIES INC,USD,2018Q4,2018Q4,70256,-2412,5778,A,50,50101010
2884,3/31/2019,2019,1,INDL,C,D,STD,LUMEN TECHNOLOGIES INC,USD,2019Q1,2019Q1,64788,-6165,5427,A,50,50101010
2884,6/30/2019,2019,2,INDL,C,D,STD,LUMEN TECHNOLOGIES INC,USD,2019Q2,2019Q2,64508,371,5375,A,50,50101010
2884,9/30/2019,2019,3,INDL,C,D,STD,LUMEN TECHNOLOGIES INC,USD,2019Q3,2019Q3,64728,302,5350,A,50,50101010
2884,12/31/2019,2019,4,INDL,C,D,STD,LUMEN TECHNOLOGIES INC,USD,2019Q4,2019Q4,64742,223,5306,A,50,50101010
2884,3/31/2020,2020,1,INDL,C,D,STD,LUMEN TECHNOLOGIES INC,USD,2020Q1,2020Q1,64056,314,5228,A,50,50101010
2884,6/30/2020,2020,2,INDL,C,D,STD,LUMEN TECHNOLOGIES INC,USD,2020Q2,2020Q2,64171,377,5192,A,50,50101010
2884,9/30/2020,2020,3,INDL,C,D,STD,LUMEN TECHNOLOGIES INC,USD,2020Q3,2020Q3,62599,366,5167,A,50,50101010
2884,12/31/2020,2020,4,INDL,C,D,STD,LUMEN TECHNOLOGIES INC,USD,2020Q4,2020Q4,59394,-2289,5125,A,50,50101010
2884,3/31/2021,2021,1,INDL,C,D,STD,LUMEN TECHNOLOGIES INC,USD,2021Q1,2021Q1,58828,475,5029,A,50,50101010
3226,6/30/2010,2010,2,INDL,C,D,STD,COMCAST CORP,USD,2010Q2,2010Q2,115627,884,9525,A,50,50201030
3226,9/30/2010,2010,3,INDL,C,D,STD,COMCAST CORP,USD,2010Q3,2010Q3,116525,867,9489,A,50,50201030
3226,12/31/2010,2010,4,INDL,C,D,STD,COMCAST CORP,USD,2010Q4,2010Q4,118534,1018,9721,A,50,50201030
3226,3/31/2011,2011,1,INDL,C,D,STD,COMCAST CORP,USD,2011Q1,2011Q1,154259,943,12128,A,50,50201030
3226,6/30/2011,2011,2,INDL,C,D,STD,COMCAST CORP,USD,2011Q2,2011Q2,154782,1022,14333,A,50,50201030
3226,9/30/2011,2011,3,INDL,C,D,STD,COMCAST CORP,USD,2011Q3,2011Q3,156827,908,14339,A,50,50201030
3226,12/31/2011,2011,4,INDL,C,D,STD,COMCAST CORP,USD,2011Q4,2011Q4,157818,1287,15042,A,50,50201030
3226,3/31/2012,2012,1,INDL,C,D,STD,COMCAST CORP,USD,2012Q1,2012Q1,157949,1224,14878,A,50,50201030
3226,6/30/2012,2012,2,INDL,C,D,STD,COMCAST CORP,USD,2012Q2,2012Q2,157688,1348,15211,A,50,50201030
3226,9/30/2012,2012,3,INDL,C,D,STD,COMCAST CORP,USD,2012Q3,2012Q3,162454,2113,16544,A,50,50201030
3226,12/31/2012,2012,4,INDL,C,D,STD,COMCAST CORP,USD,2012Q4,2012Q4,164971,1518,15937,A,50,50201030
3226,3/31/2013,2013,1,INDL,C,D,STD,COMCAST CORP,USD,2013Q1,2013Q1,156364,1437,15310,A,50,50201030
3226,6/30/2013,2013,2,INDL,C,D,STD,COMCAST CORP,USD,2013Q2,2013Q2,156819,1734,16270,A,50,50201030
3226,9/30/2013,2013,3,INDL,C,D,STD,COMCAST CORP,USD,2013Q3,2013Q3,156595,1732,16151,A,50,50201030
3226,12/31/2013,2013,4,INDL,C,D,STD,COMCAST CORP,USD,2013Q4,2013Q4,158813,1913,16926,A,50,50201030
3226,3/31/2014,2014,1,INDL,C,D,STD,COMCAST CORP,USD,2014Q1,2014Q1,157773,1871,17408,A,50,50201030
3226,6/30/2014,2014,2,INDL,C,D,STD,COMCAST CORP,USD,2014Q2,2014Q2,157459,1992,16844,A,50,50201030
3226,9/30/2014,2014,3,INDL,C,D,STD,COMCAST CORP,USD,2014Q3,2014Q3,159237,2592,16791,A,50,50201030
3226,12/31/2014,2014,4,INDL,C,D,STD,COMCAST CORP,USD,2014Q4,2014Q4,159339,1925,17732,A,50,50201030
3226,3/31/2015,2015,1,INDL,C,D,STD,COMCAST CORP,USD,2015Q1,2015Q1,158757,2059,17853,A,50,50201030
3226,6/30/2015,2015,2,INDL,C,D,STD,COMCAST CORP,USD,2015Q2,2015Q2,159674,2137,18743,A,50,50201030
3226,9/30/2015,2015,3,INDL,C,D,STD,COMCAST CORP,USD,2015Q3,2015Q3,158958,1996,18669,A,50,50201030
3226,12/31/2015,2015,4,INDL,C,D,STD,COMCAST CORP,USD,2015Q4,2015Q4,166574,1971,19245,A,50,50201030
3226,3/31/2016,2016,1,INDL,C,D,STD,COMCAST CORP,USD,2016Q1,2016Q1,170599,2134,18790,A,50,50201030
3226,6/30/2016,2016,2,INDL,C,D,STD,COMCAST CORP,USD,2016Q2,2016Q2,171985,2028,19269,A,50,50201030
3226,9/30/2016,2016,3,INDL,C,D,STD,COMCAST CORP,USD,2016Q3,2016Q3,177924,2237,21319,A,50,50201030
3226,12/31/2016,2016,4,INDL,C,D,STD,COMCAST CORP,USD,2016Q4,2016Q4,180500,2296,21025,A,50,50201030
3226,3/31/2017,2017,1,INDL,C,D,STD,COMCAST CORP,USD,2017Q1,2017Q1,182479,2573,20587,A,50,50201030
3226,6/30/2017,2017,2,INDL,C,D,STD,COMCAST CORP,USD,2017Q2,2017Q2,183031,2521,21286,A,50,50201030
3226,9/30/2017,2017,3,INDL,C,D,STD,COMCAST CORP,USD,2017Q3,2017Q3,185301,2642,21081,A,50,50201030
3226,12/31/2017,2017,4,INDL,C,D,STD,COMCAST CORP,USD,2017Q4,2017Q4,186949,14999,22075,A,50,50201030
3226,3/31/2018,2018,1,INDL,C,D,STD,COMCAST CORP,USD,2018Q1,2018Q1,190876,3118,22791,A,50,50201030
3226,6/30/2018,2018,2,INDL,C,D,STD,COMCAST CORP,USD,2018Q2,2018Q2,191248,3216,21735,A,50,50201030
3226,9/30/2018,2018,3,INDL,C,D,STD,COMCAST CORP,USD,2018Q3,2018Q3,200635,2886,22135,A,50,50201030
3226,12/31/2018,2018,4,INDL,C,D,STD,COMCAST CORP,USD,2018Q4,2018Q4,251684,2511,27846,A,50,50201030
3226,3/31/2019,2019,1,INDL,C,D,STD,COMCAST CORP,USD,2019Q1,2019Q1,256189,3553,26859,A,50,50201030
3226,6/30/2019,2019,2,INDL,C,D,STD,COMCAST CORP,USD,2019Q2,2019Q2,256555,3125,26858,A,50,50201030
3226,9/30/2019,2019,3,INDL,C,D,STD,COMCAST CORP,USD,2019Q3,2019Q3,256374,3217,26827,A,50,50201030
3226,12/31/2019,2019,4,INDL,C,D,STD,COMCAST CORP,USD,2019Q4,2019Q4,263414,3162,28398,A,50,50201030
3226,3/31/2020,2020,1,INDL,C,D,STD,COMCAST CORP,USD,2020Q1,2020Q1,262421,2147,26609,A,50,50201030
3226,6/30/2020,2020,2,INDL,C,D,STD,COMCAST CORP,USD,2020Q2,2020Q2,265978,2988,23715,A,50,50201030
3226,9/30/2020,2020,3,INDL,C,D,STD,COMCAST CORP,USD,2020Q3,2020Q3,268940,2019,25532,A,50,50201030
3226,12/31/2020,2020,4,INDL,C,D,STD,COMCAST CORP,USD,2020Q4,2020Q4,273869,3380,27708,A,50,50201030
3226,3/31/2021,2021,1,INDL,C,D,STD,COMCAST CORP,USD,2021Q1,2021Q1,278511,3329,27205,A,50,50201030
3980,6/30/2010,2010,3,INDL,C,D,STD,DISNEY (WALT) CO,USD,2010Q2,2010Q3,68305,1331,10002,A,50,50202010
3980,9/30/2010,2010,4,INDL,C,D,STD,DISNEY (WALT) CO,USD,2010Q3,2010Q4,69206,835,9742,A,50,50202010
3980,12/31/2010,2011,1,INDL,C,D,STD,DISNEY (WALT) CO,USD,2010Q4,2011Q1,70950,1302,10716,A,50,50202010
3980,3/31/2011,2011,2,INDL,C,D,STD,DISNEY (WALT) CO,USD,2011Q1,2011Q2,70588,942,9077,A,50,50202010
3980,6/30/2011,2011,3,INDL,C,D,STD,DISNEY (WALT) CO,USD,2011Q2,2011Q3,71105,1476,10675,A,50,50202010
3980,9/30/2011,2011,4,INDL,C,D,STD,DISNEY (WALT) CO,USD,2011Q3,2011Q4,72124,1087,10425,A,50,50202010
3980,12/31/2011,2012,1,INDL,C,D,STD,DISNEY (WALT) CO,USD,2011Q4,2012Q1,73877,1464,10779,A,50,50202010
3980,3/31/2012,2012,2,INDL,C,D,STD,DISNEY (WALT) CO,USD,2012Q1,2012Q2,75233,1143,9629,A,50,50202010
3980,6/30/2012,2012,3,INDL,C,D,STD,DISNEY (WALT) CO,USD,2012Q2,2012Q3,75291,1831,11088,A,50,50202010
3980,9/30/2012,2012,4,INDL,C,D,STD,DISNEY (WALT) CO,USD,2012Q3,2012Q4,74898,1244,10782,A,50,50202010
3980,12/31/2012,2013,1,INDL,C,D,STD,DISNEY (WALT) CO,USD,2012Q4,2013Q1,80642,1382,11341,A,50,50202010
3980,3/31/2013,2013,2,INDL,C,D,STD,DISNEY (WALT) CO,USD,2013Q1,2013Q2,81358,1513,10554,A,50,50202010
3980,6/30/2013,2013,3,INDL,C,D,STD,DISNEY (WALT) CO,USD,2013Q2,2013Q3,80565,1847,11578,A,50,50202010
3980,9/30/2013,2013,4,INDL,C,D,STD,DISNEY (WALT) CO,USD,2013Q3,2013Q4,81241,1394,11568,A,50,50202010
3980,12/31/2013,2014,1,INDL,C,D,STD,DISNEY (WALT) CO,USD,2013Q4,2014Q1,83166,1840,12309,A,50,50202010
3980,3/31/2014,2014,2,INDL,C,D,STD,DISNEY (WALT) CO,USD,2014Q1,2014Q2,82580,1917,11649,A,50,50202010
3980,6/30/2014,2014,3,INDL,C,D,STD,DISNEY (WALT) CO,USD,2014Q2,2014Q3,83723,2245,12466,A,50,50202010
3980,9/30/2014,2014,4,INDL,C,D,STD,DISNEY (WALT) CO,USD,2014Q3,2014Q4,84186,1499,12389,A,50,50202010
3980,12/31/2014,2015,1,INDL,C,D,STD,DISNEY (WALT) CO,USD,2014Q4,2015Q1,87035,2182,13391,A,50,50202010
3980,3/31/2015,2015,2,INDL,C,D,STD,DISNEY (WALT) CO,USD,2015Q1,2015Q2,85715,2108,12461,A,50,50202010
3980,6/30/2015,2015,3,INDL,C,D,STD,DISNEY (WALT) CO,USD,2015Q2,2015Q3,87367,2483,13101,A,50,50202010
3980,9/30/2015,2015,4,INDL,C,D,STD,DISNEY (WALT) CO,USD,2015Q3,2015Q4,88182,1609,13512,A,50,50202010
3980,12/31/2015,2016,1,INDL,C,D,STD,DISNEY (WALT) CO,USD,2015Q4,2016Q1,90121,2880,15244,A,50,50202010
3980,3/31/2016,2016,2,INDL,C,D,STD,DISNEY (WALT) CO,USD,2016Q1,2016Q2,90264,2143,12969,A,50,50202010
3980,6/30/2016,2016,3,INDL,C,D,STD,DISNEY (WALT) CO,USD,2016Q2,2016Q3,90914,2597,14277,A,50,50202010
3980,9/30/2016,2016,4,INDL,C,D,STD,DISNEY (WALT) CO,USD,2016Q3,2016Q4,92033,1771,13142,A,50,50202010
3980,12/31/2016,2017,1,INDL,C,D,STD,DISNEY (WALT) CO,USD,2016Q4,2017Q1,91576,2479,14784,A,50,50202010
3980,3/31/2017,2017,2,INDL,C,D,STD,DISNEY (WALT) CO,USD,2017Q1,2017Q2,91807,2388,13336,A,50,50202010
3980,6/30/2017,2017,3,INDL,C,D,STD,DISNEY (WALT) CO,USD,2017Q2,2017Q3,92752,2366,14238,A,50,50202010
3980,9/30/2017,2017,4,INDL,C,D,STD,DISNEY (WALT) CO,USD,2017Q3,2017Q4,95789,1747,12779,A,50,50202010
3980,12/31/2017,2018,1,INDL,C,D,STD,DISNEY (WALT) CO,USD,2017Q4,2018Q1,97734,4423,15351,A,50,50202010
3980,3/31/2018,2018,2,INDL,C,D,STD,DISNEY (WALT) CO,USD,2018Q1,2018Q2,97943,2937,14548,A,50,50202010
3980,6/30/2018,2018,3,INDL,C,D,STD,DISNEY (WALT) CO,USD,2018Q2,2018Q3,98792,2916,15228,A,50,50202010
3980,9/30/2018,2018,4,INDL,C,D,STD,DISNEY (WALT) CO,USD,2018Q3,2018Q4,98598,2322,14307,A,50,50202010
3980,12/31/2018,2019,1,INDL,C,D,STD,DISNEY (WALT) CO,USD,2018Q4,2019Q1,99941,2788,15303,A,50,50202010
3980,3/31/2019,2019,2,INDL,C,D,STD,DISNEY (WALT) CO,USD,2019Q1,2019Q2,214342,5452,14924,A,50,50202010
3980,6/30/2019,2019,3,INDL,C,D,STD,DISNEY (WALT) CO,USD,2019Q2,2019Q3,209475,1760,20262,A,50,50202010
3980,9/30/2019,2019,4,INDL,C,D,STD,DISNEY (WALT) CO,USD,2019Q3,2019Q4,193984,1054,19118,A,50,50202010
3980,12/31/2019,2020,1,INDL,C,D,STD,DISNEY (WALT) CO,USD,2019Q4,2020Q1,200948,2107,20877,A,50,50202010
3980,3/31/2020,2020,2,INDL,C,D,STD,DISNEY (WALT) CO,USD,2020Q1,2020Q2,206294,460,18025,A,50,50202010
3980,6/30/2020,2020,3,INDL,C,D,STD,DISNEY (WALT) CO,USD,2020Q2,2020Q3,207649,-4721,11779,A,50,50202010
3980,9/30/2020,2020,4,INDL,C,D,STD,DISNEY (WALT) CO,USD,2020Q3,2020Q4,201549,-710,14707,A,50,50202010
3980,12/31/2020,2021,1,INDL,C,D,STD,DISNEY (WALT) CO,USD,2020Q4,2021Q1,201888,17,16249,A,50,50202010
3980,3/31/2021,2021,2,INDL,C,D,STD,DISNEY (WALT) CO,USD,2021Q1,2021Q2,200250,901,15613,A,50,50202010
4066,6/30/2010,2010,2,INDL,C,D,STD,OMNICOM GROUP,USD,2010Q2,2010Q2,16329.2,243.3,3041.2,A,50,50201010
4066,9/30/2010,2010,3,INDL,C,D,STD,OMNICOM GROUP,USD,2010Q3,2010Q3,18282.7,174.5,2994.5,A,50,50201010
4066,12/31/2010,2010,4,INDL,C,D,STD,OMNICOM GROUP,USD,2010Q4,2010Q4,19566.1,246.5,3586.8,A,50,50201010
4066,3/31/2011,2011,1,INDL,C,D,STD,OMNICOM GROUP,USD,2011Q1,2011Q1,19168.5,201.9,3151.3,A,50,50201010
4066,6/30/2011,2011,2,INDL,C,D,STD,OMNICOM GROUP,USD,2011Q2,2011Q2,19156.7,275.1,3487.5,A,50,50201010
4066,9/30/2011,2011,3,INDL,C,D,STD,OMNICOM GROUP,USD,2011Q3,2011Q3,18936,203.7,3380.8,A,50,50201010
4066,12/31/2011,2011,4,INDL,C,D,STD,OMNICOM GROUP,USD,2011Q4,2011Q4,20505.4,271.9,3852.9,A,50,50201010
4066,3/31/2012,2012,1,INDL,C,D,STD,OMNICOM GROUP,USD,2012Q1,2012Q1,19823.5,204.6,3307.3,A,50,50201010
4066,6/30/2012,2012,2,INDL,C,D,STD,OMNICOM GROUP,USD,2012Q2,2012Q2,20106.5,282.7,3560.9,A,50,50201010
4066,9/30/2012,2012,3,INDL,C,D,STD,OMNICOM GROUP,USD,2012Q3,2012Q3,20798,203.9,3406.6,A,50,50201010
4066,12/31/2012,2012,4,INDL,C,D,STD,OMNICOM GROUP,USD,2012Q4,2012Q4,22151.9,307.1,3944.6,A,50,50201010
4066,3/31/2013,2013,1,INDL,C,D,STD,OMNICOM GROUP,USD,2013Q1,2013Q1,20908.3,205.1,3398.9,A,50,50201010
4066,6/30/2013,2013,2,INDL,C,D,STD,OMNICOM GROUP,USD,2013Q2,2013Q2,20525,289.6,3637,A,50,50201010
4066,9/30/2013,2013,3,INDL,C,D,STD,OMNICOM GROUP,USD,2013Q3,2013Q3,20870.8,196,3490.5,A,50,50201010
4066,12/31/2013,2013,4,INDL,C,D,STD,OMNICOM GROUP,USD,2013Q4,2013Q4,22098.7,300.4,4058.1,A,50,50201010
4066,3/31/2014,2014,1,INDL,C,D,STD,OMNICOM GROUP,USD,2014Q1,2014Q1,21087.9,205.5,3502.2,A,50,50201010
4066,6/30/2014,2014,2,INDL,C,D,STD,OMNICOM GROUP,USD,2014Q2,2014Q2,21219.4,325.2,3870.8,A,50,50201010
4066,9/30/2014,2014,3,INDL,C,D,STD,OMNICOM GROUP,USD,2014Q3,2014Q3,19968.6,243.8,3749.7,A,50,50201010
4066,12/31/2014,2014,4,INDL,C,D,STD,OMNICOM GROUP,USD,2014Q4,2014Q4,21559.7,329.5,4195.1,A,50,50201010
4066,3/31/2015,2015,1,INDL,C,D,STD,OMNICOM GROUP,USD,2015Q1,2015Q1,20071,209.1,3469.2,A,50,50201010
4066,6/30/2015,2015,2,INDL,C,D,STD,OMNICOM GROUP,USD,2015Q2,2015Q2,20775.5,313.9,3805.3,A,50,50201010
4066,9/30/2015,2015,3,INDL,C,D,STD,OMNICOM GROUP,USD,2015Q3,2015Q3,20457.3,239.3,3706.6,A,50,50201010
4066,12/31/2015,2015,4,INDL,C,D,STD,OMNICOM GROUP,USD,2015Q4,2015Q4,22110.7,331.6,4153.3,A,50,50201010
4066,3/31/2016,2016,1,INDL,C,D,STD,OMNICOM GROUP,USD,2016Q1,2016Q1,21067.7,218.4,3499.1,A,50,50201010
4066,6/30/2016,2016,2,INDL,C,D,STD,OMNICOM GROUP,USD,2016Q2,2016Q2,20935.2,326.1,3884.9,A,50,50201010
4066,9/30/2016,2016,3,INDL,C,D,STD,OMNICOM GROUP,USD,2016Q3,2016Q3,21401.9,253.8,3791.1,A,50,50201010
4066,12/31/2016,2016,4,INDL,C,D,STD,OMNICOM GROUP,USD,2016Q4,2016Q4,23165.4,350.3,4241.8,A,50,50201010
4066,3/31/2017,2017,1,INDL,C,D,STD,OMNICOM GROUP,USD,2017Q1,2017Q1,22237.3,241.8,3587.4,A,50,50201010
4066,6/30/2017,2017,2,INDL,C,D,STD,OMNICOM GROUP,USD,2017Q2,2017Q2,22163.4,328.6,3790.2,A,50,50201010
4066,9/30/2017,2017,3,INDL,C,D,STD,OMNICOM GROUP,USD,2017Q3,2017Q3,22207.5,263.6,3719.5,A,50,50201010
4066,12/31/2017,2017,4,INDL,C,D,STD,OMNICOM GROUP,USD,2017Q4,2017Q4,24931.2,254.4,4176.5,A,50,50201010
4066,3/31/2018,2018,1,INDL,C,D,STD,OMNICOM GROUP,USD,2018Q1,2018Q1,23513.1,264.1,3629.6,A,50,50201010
4066,6/30/2018,2018,2,INDL,C,D,STD,OMNICOM GROUP,USD,2018Q2,2018Q2,22169.5,364.2,3859.6,A,50,50201010
4066,9/30/2018,2018,3,INDL,C,D,STD,OMNICOM GROUP,USD,2018Q3,2018Q3,22487.6,298.9,3714.3,A,50,50201010
4066,12/31/2018,2018,4,INDL,C,D,STD,OMNICOM GROUP,USD,2018Q4,2018Q4,24617,399.2,4086.7,A,50,50201010
4066,3/31/2019,2019,1,INDL,C,D,STD,OMNICOM GROUP,USD,2019Q1,2019Q1,25211.2,263.2,3468.9,A,50,50201010
4066,6/30/2019,2019,2,INDL,C,D,STD,OMNICOM GROUP,USD,2019Q2,2019Q2,25042.1,370.7,3719.8,A,50,50201010
4066,9/30/2019,2019,3,INDL,C,D,STD,OMNICOM GROUP,USD,2019Q3,2019Q3,23653.5,290.2,3623.8,A,50,50201010
4066,12/31/2019,2019,4,INDL,C,D,STD,OMNICOM GROUP,USD,2019Q4,2019Q4,26783.4,415,4141.2,A,50,50201010
4066,3/31/2020,2020,1,INDL,C,D,STD,OMNICOM GROUP,USD,2020Q1,2020Q1,23675.9,258.1,3406.9,A,50,50201010
4066,6/30/2020,2020,2,INDL,C,D,STD,OMNICOM GROUP,USD,2020Q2,2020Q2,22641.1,-24.1,2800.7,A,50,50201010
4066,9/30/2020,2020,3,INDL,C,D,STD,OMNICOM GROUP,USD,2020Q3,2020Q3,23779.5,313.3,3206.5,A,50,50201010
4066,12/31/2020,2020,4,INDL,C,D,STD,OMNICOM GROUP,USD,2020Q4,2020Q4,27647.2,398.1,3757,A,50,50201010
4066,3/31/2021,2021,1,INDL,C,D,STD,OMNICOM GROUP,USD,2021Q1,2021Q1,25614.3,287.8,3426.9,A,50,50201010
6136,6/30/2010,2010,2,INDL,C,D,STD,INTERPUBLIC GROUP OF COS,USD,2010Q2,2010Q2,11704.6,82.5,1611.7,A,50,50201010
6136,9/30/2010,2010,3,INDL,C,D,STD,INTERPUBLIC GROUP OF COS,USD,2010Q3,2010Q3,11950.6,45.3,1553.4,A,50,50201010
6136,12/31/2010,2010,4,INDL,C,D,STD,INTERPUBLIC GROUP OF COS,USD,2010Q4,2010Q4,13070.8,197.9,2005.2,A,50,50201010
6136,3/31/2011,2011,1,INDL,C,D,STD,INTERPUBLIC GROUP OF COS,USD,2011Q1,2011Q1,12177.2,-45.2,1474.8,A,50,50201010
6136,6/30/2011,2011,2,INDL,C,D,STD,INTERPUBLIC GROUP OF COS,USD,2011Q2,2011Q2,12301.6,104.6,1740.7,A,50,50201010
6136,9/30/2011,2011,3,INDL,C,D,STD,INTERPUBLIC GROUP OF COS,USD,2011Q3,2011Q3,11825.9,211,1726.5,A,50,50201010
6136,12/31/2011,2011,4,INDL,C,D,STD,INTERPUBLIC GROUP OF COS,USD,2011Q4,2011Q4,12876.6,261.9,2072.6,A,50,50201010
6136,3/31/2012,2012,1,INDL,C,D,STD,INTERPUBLIC GROUP OF COS,USD,2012Q1,2012Q1,11765.9,-43,1506.8,A,50,50201010
6136,6/30/2012,2012,2,INDL,C,D,STD,INTERPUBLIC GROUP OF COS,USD,2012Q2,2012Q2,11851.6,101.9,1715.7,A,50,50201010
6136,9/30/2012,2012,3,INDL,C,D,STD,INTERPUBLIC GROUP OF COS,USD,2012Q3,2012Q3,11728.7,71.6,1670.4,A,50,50201010
6136,12/31/2012,2012,4,INDL,C,D,STD,INTERPUBLIC GROUP OF COS,USD,2012Q4,2012Q4,13493.9,316.2,2063.3,A,50,50201010
6136,3/31/2013,2013,1,INDL,C,D,STD,INTERPUBLIC GROUP OF COS,USD,2013Q1,2013Q1,12218.3,-56.3,1543,A,50,50201010
6136,6/30/2013,2013,2,INDL,C,D,STD,INTERPUBLIC GROUP OF COS,USD,2013Q2,2013Q2,12336.7,82.8,1756.2,A,50,50201010
6136,9/30/2013,2013,3,INDL,C,D,STD,INTERPUBLIC GROUP OF COS,USD,2013Q3,2013Q3,11532,48.3,1700.4,A,50,50201010
6136,12/31/2013,2013,4,INDL,C,D,STD,INTERPUBLIC GROUP OF COS,USD,2013Q4,2013Q4,12905,193.1,2122.7,A,50,50201010
6136,3/31/2014,2014,1,INDL,C,D,STD,INTERPUBLIC GROUP OF COS,USD,2014Q1,2014Q1,11759.2,-20.9,1637.5,A,50,50201010
6136,6/30/2014,2014,2,INDL,C,D,STD,INTERPUBLIC GROUP OF COS,USD,2014Q2,2014Q2,12339.7,99.4,1851.4,A,50,50201010
6136,9/30/2014,2014,3,INDL,C,D,STD,INTERPUBLIC GROUP OF COS,USD,2014Q3,2014Q3,11778.4,89.7,1841.1,A,50,50201010
6136,12/31/2014,2014,4,INDL,C,D,STD,INTERPUBLIC GROUP OF COS,USD,2014Q4,2014Q4,12747.2,308.9,2207.1,A,50,50201010
6136,3/31/2015,2015,1,INDL,C,D,STD,INTERPUBLIC GROUP OF COS,USD,2015Q1,2015Q1,11200.2,-1.8,1676,A,50,50201010
6136,6/30/2015,2015,2,INDL,C,D,STD,INTERPUBLIC GROUP OF COS,USD,2015Q2,2015Q2,11499.3,121.2,1876.1,A,50,50201010
6136,9/30/2015,2015,3,INDL,C,D,STD,INTERPUBLIC GROUP OF COS,USD,2015Q3,2015Q3,11474.1,74.9,1865.5,A,50,50201010
6136,12/31/2015,2015,4,INDL,C,D,STD,INTERPUBLIC GROUP OF COS,USD,2015Q4,2015Q4,12585.1,260.3,2196.2,A,50,50201010
6136,3/31/2016,2016,1,INDL,C,D,STD,INTERPUBLIC GROUP OF COS,USD,2016Q1,2016Q1,11516.8,5.4,1742,A,50,50201010
6136,6/30/2016,2016,2,INDL,C,D,STD,INTERPUBLIC GROUP OF COS,USD,2016Q2,2016Q2,11633.9,156.9,1917.9,A,50,50201010
6136,9/30/2016,2016,3,INDL,C,D,STD,INTERPUBLIC GROUP OF COS,USD,2016Q3,2016Q3,11839.5,128.6,1922.2,A,50,50201010
6136,12/31/2016,2016,4,INDL,C,D,STD,INTERPUBLIC GROUP OF COS,USD,2016Q4,2016Q4,12485.2,317.6,2264.5,A,50,50201010
6136,3/31/2017,2017,1,INDL,C,D,STD,INTERPUBLIC GROUP OF COS,USD,2017Q1,2017Q1,11697.9,24.7,2063.8,A,50,50201010
6136,6/30/2017,2017,2,INDL,C,D,STD,INTERPUBLIC GROUP OF COS,USD,2017Q2,2017Q2,11678.2,107.7,2185.8,A,50,50201010
6136,9/30/2017,2017,3,INDL,C,D,STD,INTERPUBLIC GROUP OF COS,USD,2017Q3,2017Q3,11716.1,169.7,2208.2,A,50,50201010
6136,12/31/2017,2017,4,INDL,C,D,STD,INTERPUBLIC GROUP OF COS,USD,2017Q4,2017Q4,12695.2,252.3,2589.8,A,50,50201010
6136,3/31/2018,2018,1,INDL,C,D,STD,INTERPUBLIC GROUP OF COS,USD,2018Q1,2018Q1,12240.1,-14.1,2169.1,A,50,50201010
6136,6/30/2018,2018,2,INDL,C,D,STD,INTERPUBLIC GROUP OF COS,USD,2018Q2,2018Q2,12357.6,145.8,2391.8,A,50,50201010
6136,9/30/2018,2018,3,INDL,C,D,STD,INTERPUBLIC GROUP OF COS,USD,2018Q3,2018Q3,13513.1,161,2297.5,A,50,50201010
6136,12/31/2018,2018,4,INDL,C,D,STD,INTERPUBLIC GROUP OF COS,USD,2018Q4,2018Q4,15620.3,326.2,2856,A,50,50201010
6136,3/31/2019,2019,1,INDL,C,D,STD,INTERPUBLIC GROUP OF COS,USD,2019Q1,2019Q1,16050,-8,2361.2,A,50,50201010
6136,6/30/2019,2019,2,INDL,C,D,STD,INTERPUBLIC GROUP OF COS,USD,2019Q2,2019Q2,16526.9,169.5,2520.2,A,50,50201010
6136,9/30/2019,2019,3,INDL,C,D,STD,INTERPUBLIC GROUP OF COS,USD,2019Q3,2019Q3,15997.6,165.6,2438.1,A,50,50201010
6136,12/31/2019,2019,4,INDL,C,D,STD,INTERPUBLIC GROUP OF COS,USD,2019Q4,2019Q4,17751.9,328.9,2901.8,A,50,50201010
6136,3/31/2020,2020,1,INDL,C,D,STD,INTERPUBLIC GROUP OF COS,USD,2020Q1,2020Q1,16428.9,4.7,2359.8,A,50,50201010
6136,6/30/2020,2020,2,INDL,C,D,STD,INTERPUBLIC GROUP OF COS,USD,2020Q2,2020Q2,14896.9,-45.6,2025.7,A,50,50201010
6136,9/30/2020,2020,3,INDL,C,D,STD,INTERPUBLIC GROUP OF COS,USD,2020Q3,2020Q3,16074.7,279.7,2125.5,A,50,50201010
6136,12/31/2020,2020,4,INDL,C,D,STD,INTERPUBLIC GROUP OF COS,USD,2020Q4,2020Q4,18042.7,112.3,2550,A,50,50201010
6136,3/31/2021,2021,1,INDL,C,D,STD,INTERPUBLIC GROUP OF COS,USD,2021Q1,2021Q1,16349.7,91.7,2257,A,50,50201010
9899,6/30/2010,2010,2,INDL,C,D,STD,AT&T INC,USD,2010Q2,2010Q2,267556,4003,30808,A,50,50101020
9899,9/30/2010,2010,3,INDL,C,D,STD,AT&T INC,USD,2010Q3,2010Q3,269252,12319,31581,A,50,50101020
9899,12/31/2010,2010,4,INDL,C,D,STD,AT&T INC,USD,2010Q4,2010Q4,268488,1089,31361,A,50,50101020
9899,3/31/2011,2011,1,INDL,C,D,STD,AT&T INC,USD,2011Q1,2011Q1,268085,3408,31247,A,50,50101020
9899,6/30/2011,2011,2,INDL,C,D,STD,AT&T INC,USD,2011Q2,2011Q2,272014,3591,31495,A,50,50101020
9899,9/30/2011,2011,3,INDL,C,D,STD,AT&T INC,USD,2011Q3,2011Q3,277653,3623,31478,A,50,50101020
9899,12/31/2011,2011,4,INDL,C,D,STD,AT&T INC,USD,2011Q4,2011Q4,270344,-6678,32503,A,50,50101020
9899,3/31/2012,2012,1,INDL,C,D,STD,AT&T INC,USD,2012Q1,2012Q1,269356,3584,31822,A,50,50101020
9899,6/30/2012,2012,2,INDL,C,D,STD,AT&T INC,USD,2012Q2,2012Q2,266294,3902,31575,A,50,50101020
9899,9/30/2012,2012,3,INDL,C,D,STD,AT&T INC,USD,2012Q3,2012Q3,266849,3635,31459,A,50,50101020
9899,12/31/2012,2012,4,INDL,C,D,STD,AT&T INC,USD,2012Q4,2012Q4,272315,-3857,32578,A,50,50101020
9899,3/31/2013,2013,1,INDL,C,D,STD,AT&T INC,USD,2013Q1,2013Q1,270994,3700,31356,A,50,50101020
9899,6/30/2013,2013,2,INDL,C,D,STD,AT&T INC,USD,2013Q2,2013Q2,272093,3822,32075,A,50,50101020
9899,9/30/2013,2013,3,INDL,C,D,STD,AT&T INC,USD,2013Q3,2013Q3,274599,3814,32158,A,50,50101020
9899,12/31/2013,2013,4,INDL,C,D,STD,AT&T INC,USD,2013Q4,2013Q4,277787,6913,33163,A,50,50101020
9899,3/31/2014,2014,1,INDL,C,D,STD,AT&T INC,USD,2014Q1,2014Q1,285340,3652,32476,A,50,50101020
9899,6/30/2014,2014,2,INDL,C,D,STD,AT&T INC,USD,2014Q2,2014Q2,293466,3659,32575,A,50,50101020
9899,9/30/2014,2014,3,INDL,C,D,STD,AT&T INC,USD,2014Q3,2014Q3,287939,3130,32957,A,50,50101020
9899,12/31/2014,2014,4,INDL,C,D,STD,AT&T INC,USD,2014Q4,2014Q4,292829,-3999,34439,A,50,50101020
9899,3/31/2015,2015,1,INDL,C,D,STD,AT&T INC,USD,2015Q1,2015Q1,308028,3263,32576,A,50,50101020
9899,6/30/2015,2015,2,INDL,C,D,STD,AT&T INC,USD,2015Q2,2015Q2,326489,3082,33015,A,50,50101020
9899,9/30/2015,2015,3,INDL,C,D,STD,AT&T INC,USD,2015Q3,2015Q3,399989,2994,39091,A,50,50101020
9899,12/31/2015,2015,4,INDL,C,D,STD,AT&T INC,USD,2015Q4,2015Q4,402672,4006,42119,A,50,50101020
9899,3/31/2016,2016,1,INDL,C,D,STD,AT&T INC,USD,2016Q1,2016Q1,403638,3803,40535,A,50,50101020
9899,6/30/2016,2016,2,INDL,C,D,STD,AT&T INC,USD,2016Q2,2016Q2,401808,3408,40520,A,50,50101020
9899,9/30/2016,2016,3,INDL,C,D,STD,AT&T INC,USD,2016Q3,2016Q3,402975,3328,40877,A,50,50101020
9899,12/31/2016,2016,4,INDL,C,D,STD,AT&T INC,USD,2016Q4,2016Q4,403821,2437,41831,A,50,50101020
9899,3/31/2017,2017,1,INDL,C,D,STD,AT&T INC,USD,2017Q1,2017Q1,411903,3469,39365,A,50,50101020
9899,6/30/2017,2017,2,INDL,C,D,STD,AT&T INC,USD,2017Q2,2017Q2,420795,3915,39837,A,50,50101020
9899,9/30/2017,2017,3,INDL,C,D,STD,AT&T INC,USD,2017Q3,2017Q3,443865,3029,39757,A,50,50101020
9899,12/31/2017,2017,4,INDL,C,D,STD,AT&T INC,USD,2017Q4,2017Q4,444097,19037,41830,A,50,50101020
9899,3/31/2018,2018,1,INDL,C,D,STD,AT&T INC,USD,2018Q1,2018Q1,446343,4662,38038,A,50,50101020
9899,6/30/2018,2018,2,INDL,C,D,STD,AT&T INC,USD,2018Q2,2018Q2,534691,5132,38986,A,50,50101020
9899,9/30/2018,2018,3,INDL,C,D,STD,AT&T INC,USD,2018Q3,2018Q3,534870,4718,45739,A,50,50101020
9899,12/31/2018,2018,4,INDL,C,D,STD,AT&T INC,USD,2018Q4,2018Q4,531864,4858,48042,A,50,50101020
9899,3/31/2019,2019,1,INDL,C,D,STD,AT&T INC,USD,2019Q1,2019Q1,548384,4096,44869,A,50,50101020
9899,6/30/2019,2019,2,INDL,C,D,STD,AT&T INC,USD,2019Q2,2019Q2,546914,3713,44987,A,50,50101020
9899,9/30/2019,2019,3,INDL,C,D,STD,AT&T INC,USD,2019Q3,2019Q3,548796,3700,44588,A,50,50101020
9899,12/31/2019,2019,4,INDL,C,D,STD,AT&T INC,USD,2019Q4,2019Q4,551669,2394,46821,A,50,50101020
9899,3/31/2020,2020,1,INDL,C,D,STD,AT&T INC,USD,2020Q1,2020Q1,545354,4610,42779,A,50,50101020
9899,6/30/2020,2020,2,INDL,C,D,STD,AT&T INC,USD,2020Q2,2020Q2,547898,1281,40950,A,50,50101020
9899,9/30/2020,2020,3,INDL,C,D,STD,AT&T INC,USD,2020Q3,2020Q3,538553,2816,42340,A,50,50101020
9899,12/31/2020,2020,4,INDL,C,D,STD,AT&T INC,USD,2020Q4,2020Q4,525761,-13883,45691,A,50,50101020
9899,3/31/2021,2021,1,INDL,C,D,STD,AT&T INC,USD,2021Q1,2021Q1,546985,7550,43939,A,50,50101020
13714,6/30/2010,2010,2,INDL,C,D,STD,VIACOMCBS INC,USD,2010Q2,2010Q2,26014.2,150.1,3331,A,50,50201020
13714,9/30/2010,2010,3,INDL,C,D,STD,VIACOMCBS INC,USD,2010Q3,2010Q3,26488.6,317.3,3297.5,A,50,50201020
13714,12/31/2010,2010,4,INDL,C,D,STD,VIACOMCBS INC,USD,2010Q4,2010Q4,26142.6,283,3900.4,A,50,50201020
13714,3/31/2011,2011,1,INDL,C,D,STD,VIACOMCBS INC,USD,2011Q1,2011Q1,26372,202,3510,A,50,50201020
13714,6/30/2011,2011,2,INDL,C,D,STD,VIACOMCBS INC,USD,2011Q2,2011Q2,26229,395,3586,A,50,50201020
13714,9/30/2011,2011,3,INDL,C,D,STD,VIACOMCBS INC,USD,2011Q3,2011Q3,26114,338,3365,A,50,50201020
13714,12/31/2011,2011,4,INDL,C,D,STD,VIACOMCBS INC,USD,2011Q4,2011Q4,26197,370,3784,A,50,50201020
13714,3/31/2012,2012,1,INDL,C,D,STD,VIACOMCBS INC,USD,2012Q1,2012Q1,26393,363,3796,A,50,50201020
13714,6/30/2012,2012,2,INDL,C,D,STD,VIACOMCBS INC,USD,2012Q2,2012Q2,26781,427,3329,A,50,50201020
13714,9/30/2012,2012,3,INDL,C,D,STD,VIACOMCBS INC,USD,2012Q3,2012Q3,26392,391,3266,A,50,50201020
13714,12/31/2012,2012,4,INDL,C,D,STD,VIACOMCBS INC,USD,2012Q4,2012Q4,26466,393,3698,A,50,50201020
13714,3/31/2013,2013,1,INDL,C,D,STD,VIACOMCBS INC,USD,2013Q1,2013Q1,26111,443,3763,A,50,50201020
13714,6/30/2013,2013,2,INDL,C,D,STD,VIACOMCBS INC,USD,2013Q2,2013Q2,25693,472,3369,A,50,50201020
13714,9/30/2013,2013,3,INDL,C,D,STD,VIACOMCBS INC,USD,2013Q3,2013Q3,25895,494,3302,A,50,50201020
13714,12/31/2013,2013,4,INDL,C,D,STD,VIACOMCBS INC,USD,2013Q4,2013Q4,26387,470,3571,A,50,50201020
13714,3/31/2014,2014,1,INDL,C,D,STD,VIACOMCBS INC,USD,2014Q1,2014Q1,26115,468,3570,A,50,50201020
13714,6/30/2014,2014,2,INDL,C,D,STD,VIACOMCBS INC,USD,2014Q2,2014Q2,26316,439,3188,A,50,50201020
13714,9/30/2014,2014,3,INDL,C,D,STD,VIACOMCBS INC,USD,2014Q3,2014Q3,23455,1639,3367,A,50,50201020
13714,12/31/2014,2014,4,INDL,C,D,STD,VIACOMCBS INC,USD,2014Q4,2014Q4,24072,413,3681,A,50,50201020
13714,3/31/2015,2015,1,INDL,C,D,STD,VIACOMCBS INC,USD,2015Q1,2015Q1,23786,394,3500,A,50,50201020
13714,6/30/2015,2015,2,INDL,C,D,STD,VIACOMCBS INC,USD,2015Q2,2015Q2,23662,332,3219,A,50,50201020
13714,9/30/2015,2015,3,INDL,C,D,STD,VIACOMCBS INC,USD,2015Q3,2015Q3,24239,426,3257,A,50,50201020
13714,12/31/2015,2015,4,INDL,C,D,STD,VIACOMCBS INC,USD,2015Q4,2015Q4,23765,261,3910,A,50,50201020
13714,3/31/2016,2016,1,INDL,C,D,STD,VIACOMCBS INC,USD,2016Q1,2016Q1,23501,473,3588,A,50,50201020
13714,6/30/2016,2016,2,INDL,C,D,STD,VIACOMCBS INC,USD,2016Q2,2016Q2,23138,423,2976,A,50,50201020
13714,9/30/2016,2016,3,INDL,C,D,STD,VIACOMCBS INC,USD,2016Q3,2016Q3,23848,478,3084,A,50,50201020
13714,12/31/2016,2016,4,INDL,C,D,STD,VIACOMCBS INC,USD,2016Q4,2016Q4,24238,-113,3518,A,50,50201020
13714,3/31/2017,2017,1,INDL,C,D,STD,VIACOMCBS INC,USD,2017Q1,2017Q1,23022,-252,3343,A,50,50201020
13714,6/30/2017,2017,2,INDL,C,D,STD,VIACOMCBS INC,USD,2017Q2,2017Q2,22653,58,3257,A,50,50201020
13714,9/30/2017,2017,3,INDL,C,D,STD,VIACOMCBS INC,USD,2017Q3,2017Q3,23894,592,3171,A,50,50201020
13714,12/31/2017,2017,4,INDL,C,D,STD,VIACOMCBS INC,USD,2017Q4,2017Q4,20843,-41,3921,A,50,50201020
13714,3/31/2018,2018,1,INDL,C,D,STD,VIACOMCBS INC,USD,2018Q1,2018Q1,20591,511,3761,A,50,50201020
13714,6/30/2018,2018,2,INDL,C,D,STD,VIACOMCBS INC,USD,2018Q2,2018Q2,20385,400,3466,A,50,50201020
13714,9/30/2018,2018,3,INDL,C,D,STD,VIACOMCBS INC,USD,2018Q3,2018Q3,21068,488,3263,A,50,50201020
13714,12/31/2018,2018,4,INDL,C,D,STD,VIACOMCBS INC,USD,2018Q4,2018Q4,21859,561,4024,A,50,50201020
13714,3/31/2019,2019,1,INDL,C,D,STD,VIACOMCBS INC,USD,2019Q1,2019Q1,24075,1959,7100,A,50,50201020
13714,6/30/2019,2019,2,INDL,C,D,STD,VIACOMCBS INC,USD,2019Q2,2019Q2,23835,977,7143,A,50,50201020
13714,9/30/2019,2019,3,INDL,C,D,STD,VIACOMCBS INC,USD,2019Q3,2019Q3,24476,630,6698,A,50,50201020
13714,12/31/2019,2019,4,INDL,C,D,STD,VIACOMCBS INC,USD,2019Q4,2019Q4,49519,-258,6871,A,50,50201020
13714,3/31/2020,2020,1,INDL,C,D,STD,VIACOMCBS INC,USD,2020Q1,2020Q1,49045,516,6499,A,50,50201020
13714,6/30/2020,2020,2,INDL,C,D,STD,VIACOMCBS INC,USD,2020Q2,2020Q2,51188,481,6275,A,50,50201020
13714,9/30/2020,2020,3,INDL,C,D,STD,VIACOMCBS INC,USD,2020Q3,2020Q3,51425,615,5637,A,50,50201020
13714,12/31/2020,2020,4,INDL,C,D,STD,VIACOMCBS INC,USD,2020Q4,2020Q4,52663,810,6874,A,50,50201020
13714,3/31/2021,2021,1,INDL,C,D,STD,VIACOMCBS INC,USD,2021Q1,2021Q1,54773,911,7412,A,50,50201020
16721,6/30/2010,2010,1,INDL,C,D,STD,ELECTRONIC ARTS INC,USD,2010Q2,2010Q1,4245,96,815,A,50,50202020
16721,9/30/2010,2010,2,INDL,C,D,STD,ELECTRONIC ARTS INC,USD,2010Q3,2010Q2,4494,-201,631,A,50,50202020
16721,12/31/2010,2010,3,INDL,C,D,STD,ELECTRONIC ARTS INC,USD,2010Q4,2010Q3,4727,-322,1053,A,50,50202020
16721,3/31/2011,2010,4,INDL,C,D,STD,ELECTRONIC ARTS INC,USD,2011Q1,2010Q4,4928,151,1090,A,50,50202020
16721,6/30/2011,2011,1,INDL,C,D,STD,ELECTRONIC ARTS INC,USD,2011Q2,2011Q1,4355,221,999,A,50,50202020
16721,9/30/2011,2011,2,INDL,C,D,STD,ELECTRONIC ARTS INC,USD,2011Q3,2011Q2,5435,-340,715,A,50,50202020
16721,12/31/2011,2011,3,INDL,C,D,STD,ELECTRONIC ARTS INC,USD,2011Q4,2011Q3,5696,-205,1061,A,50,50202020
16721,3/31/2012,2011,4,INDL,C,D,STD,ELECTRONIC ARTS INC,USD,2012Q1,2011Q4,5491,400,1368,A,50,50202020
16721,6/30/2012,2012,1,INDL,C,D,STD,ELECTRONIC ARTS INC,USD,2012Q2,2012Q1,4825,201,955,A,50,50202020
16721,9/30/2012,2012,2,INDL,C,D,STD,ELECTRONIC ARTS INC,USD,2012Q3,2012Q2,5191,-381,711,A,50,50202020
16721,12/31/2012,2012,3,INDL,C,D,STD,ELECTRONIC ARTS INC,USD,2012Q4,2012Q3,5039,-45,922,A,50,50202020
16721,3/31/2013,2012,4,INDL,C,D,STD,ELECTRONIC ARTS INC,USD,2013Q1,2012Q4,5070,323,1209,A,50,50202020
16721,6/30/2013,2013,1,INDL,C,D,STD,ELECTRONIC ARTS INC,USD,2013Q2,2013Q1,4605,222,949,A,50,50202020
16721,9/30/2013,2013,2,INDL,C,D,STD,ELECTRONIC ARTS INC,USD,2013Q3,2013Q2,5036,-273,695,A,50,50202020
16721,12/31/2013,2013,3,INDL,C,D,STD,ELECTRONIC ARTS INC,USD,2013Q4,2013Q3,5573,-308,808,A,50,50202020
16721,3/31/2014,2013,4,INDL,C,D,STD,ELECTRONIC ARTS INC,USD,2014Q1,2013Q4,5716,367,1123,A,50,50202020
16721,6/30/2014,2014,1,INDL,C,D,STD,ELECTRONIC ARTS INC,USD,2014Q2,2014Q1,5476,335,1214,A,50,50202020
16721,9/30/2014,2014,2,INDL,C,D,STD,ELECTRONIC ARTS INC,USD,2014Q3,2014Q2,6031,3,990,A,50,50202020
16721,12/31/2014,2014,3,INDL,C,D,STD,ELECTRONIC ARTS INC,USD,2014Q4,2014Q3,6167,142,1126,A,50,50202020
16721,3/31/2015,2014,4,INDL,C,D,STD,ELECTRONIC ARTS INC,USD,2015Q1,2014Q4,6147,395,1185,A,50,50202020
16721,6/30/2015,2015,1,INDL,C,D,STD,ELECTRONIC ARTS INC,USD,2015Q2,2015Q1,5721,442,1203,A,50,50202020
16721,9/30/2015,2015,2,INDL,C,D,STD,ELECTRONIC ARTS INC,USD,2015Q3,2015Q2,6000,-140,815,A,50,50202020
16721,12/31/2015,2015,3,INDL,C,D,STD,ELECTRONIC ARTS INC,USD,2015Q4,2015Q3,6470,-45,1070,A,50,50202020
16721,3/31/2016,2015,4,INDL,C,D,STD,ELECTRONIC ARTS INC,USD,2016Q1,2015Q4,7050,899,1308,A,50,50202020
16721,6/30/2016,2016,1,INDL,C,D,STD,ELECTRONIC ARTS INC,USD,2016Q2,2016Q1,6605,440,1271,A,50,50202020
16721,9/30/2016,2016,2,INDL,C,D,STD,ELECTRONIC ARTS INC,USD,2016Q3,2016Q2,6892,-38,898,A,50,50202020
16721,12/31/2016,2016,3,INDL,C,D,STD,ELECTRONIC ARTS INC,USD,2016Q4,2016Q3,7719,-1,1149,A,50,50202020
16721,3/31/2017,2016,4,INDL,C,D,STD,ELECTRONIC ARTS INC,USD,2017Q1,2016Q4,7718,566,1527,A,50,50202020
16721,6/30/2017,2017,1,INDL,C,D,STD,ELECTRONIC ARTS INC,USD,2017Q2,2017Q1,7375,644,1449,A,50,50202020
16721,9/30/2017,2017,2,INDL,C,D,STD,ELECTRONIC ARTS INC,USD,2017Q3,2017Q2,7922,-22,959,A,50,50202020
16721,12/31/2017,2017,3,INDL,C,D,STD,ELECTRONIC ARTS INC,USD,2017Q4,2017Q3,8642,-186,1160,A,50,50202020
16721,3/31/2018,2017,4,INDL,C,D,STD,ELECTRONIC ARTS INC,USD,2018Q1,2017Q4,8584,607,1582,A,50,50202020
16721,6/30/2018,2018,1,INDL,C,D,STD,ELECTRONIC ARTS INC,USD,2018Q2,2018Q1,8247,293,1137,A,50,50202020
16721,9/30/2018,2018,2,INDL,C,D,STD,ELECTRONIC ARTS INC,USD,2018Q3,2018Q2,8450,255,1286,A,50,50202020
16721,12/31/2018,2018,3,INDL,C,D,STD,ELECTRONIC ARTS INC,USD,2018Q4,2018Q3,8857,262,1289,A,50,50202020
16721,3/31/2019,2018,4,INDL,C,D,STD,ELECTRONIC ARTS INC,USD,2019Q1,2018Q4,8957,209,1238,A,50,50202020
16721,6/30/2019,2019,1,INDL,C,D,STD,ELECTRONIC ARTS INC,USD,2019Q2,2019Q1,9749,1421,1209,A,50,50202020
16721,9/30/2019,2019,2,INDL,C,D,STD,ELECTRONIC ARTS INC,USD,2019Q3,2019Q2,10593,854,1348,A,50,50202020
16721,12/31/2019,2019,3,INDL,C,D,STD,ELECTRONIC ARTS INC,USD,2019Q4,2019Q3,11161,346,1593,A,50,50202020
16721,3/31/2020,2019,4,INDL,C,D,STD,ELECTRONIC ARTS INC,USD,2020Q1,2019Q4,11112,418,1387,A,50,50202020
16721,6/30/2020,2020,1,INDL,C,D,STD,ELECTRONIC ARTS INC,USD,2020Q2,2020Q1,11284,365,1459,A,50,50202020
16721,9/30/2020,2020,2,INDL,C,D,STD,ELECTRONIC ARTS INC,USD,2020Q3,2020Q2,11470,185,1151,A,50,50202020
16721,12/31/2020,2020,3,INDL,C,D,STD,ELECTRONIC ARTS INC,USD,2020Q4,2020Q3,12420,211,1673,A,50,50202020
16721,3/31/2021,2020,4,INDL,C,D,STD,ELECTRONIC ARTS INC,USD,2021Q1,2020Q4,13288,76,1346,A,50,50202020
17874,6/30/2013,2013,2,INDL,C,D,STD,T-MOBILE US INC,USD,2013Q2,2013Q2,44734,-16,6228,A,50,50102010
17874,9/30/2013,2013,3,INDL,C,D,STD,T-MOBILE US INC,USD,2013Q3,2013Q3,45767,-36,6688,A,50,50102010
17874,12/31/2013,2013,4,INDL,C,D,STD,T-MOBILE US INC,USD,2013Q4,2013Q4,49953,-20,6827,A,50,50102010
17874,3/31/2014,2014,1,INDL,C,D,STD,T-MOBILE US INC,USD,2014Q1,2014Q1,50169,-151,6875,A,50,50102010
17874,6/30/2014,2014,2,INDL,C,D,STD,T-MOBILE US INC,USD,2014Q2,2014Q2,51664,391,7185,A,50,50102010
17874,9/30/2014,2014,3,INDL,C,D,STD,T-MOBILE US INC,USD,2014Q3,2014Q3,55115,-94,7350,A,50,50102010
17874,12/31/2014,2014,4,INDL,C,D,STD,T-MOBILE US INC,USD,2014Q4,2014Q4,56653,101,8154,A,50,50102010
17874,3/31/2015,2015,1,INDL,C,D,STD,T-MOBILE US INC,USD,2015Q1,2015Q1,56558,-63,7778,A,50,50102010
17874,6/30/2015,2015,2,INDL,C,D,STD,T-MOBILE US INC,USD,2015Q2,2015Q2,57188,361,8179,A,50,50102010
17874,9/30/2015,2015,3,INDL,C,D,STD,T-MOBILE US INC,USD,2015Q3,2015Q3,58473,138,7849,A,50,50102010
17874,12/31/2015,2015,4,INDL,C,D,STD,T-MOBILE US INC,USD,2015Q4,2015Q4,62436,297,8247,A,50,50102010
17874,3/31/2016,2016,1,INDL,C,D,STD,T-MOBILE US INC,USD,2016Q1,2016Q1,63063,479,8664,A,50,50102010
17874,6/30/2016,2016,2,INDL,C,D,STD,T-MOBILE US INC,USD,2016Q2,2016Q2,63968,225,9287,A,50,50102010
17874,9/30/2016,2016,3,INDL,C,D,STD,T-MOBILE US INC,USD,2016Q3,2016Q3,64272,366,9305,A,50,50102010
17874,12/31/2016,2016,4,INDL,C,D,STD,T-MOBILE US INC,USD,2016Q4,2016Q4,65891,390,10234,A,50,50102010
17874,3/31/2017,2017,1,INDL,C,D,STD,T-MOBILE US INC,USD,2017Q1,2017Q1,68048,698,9613,A,50,50102010
17874,6/30/2017,2017,2,INDL,C,D,STD,T-MOBILE US INC,USD,2017Q2,2017Q2,67159,581,10213,A,50,50102010
17874,9/30/2017,2017,3,INDL,C,D,STD,T-MOBILE US INC,USD,2017Q3,2017Q3,67923,550,10058,A,50,50102010
17874,12/31/2017,2017,4,INDL,C,D,STD,T-MOBILE US INC,USD,2017Q4,2017Q4,70563,2707,10776,A,50,50102010
17874,3/31/2018,2018,1,INDL,C,D,STD,T-MOBILE US INC,USD,2018Q1,2018Q1,72004,671,10455,A,50,50102010
17874,6/30/2018,2018,2,INDL,C,D,STD,T-MOBILE US INC,USD,2018Q2,2018Q2,69692,782,10571,A,50,50102010
17874,9/30/2018,2018,3,INDL,C,D,STD,T-MOBILE US INC,USD,2018Q3,2018Q3,70182,795,10768,A,50,50102010
17874,12/31/2018,2018,4,INDL,C,D,STD,T-MOBILE US INC,USD,2018Q4,2018Q4,72468,640,11445,A,50,50102010
17874,3/31/2019,2019,1,INDL,C,D,STD,T-MOBILE US INC,USD,2019Q1,2019Q1,83073,908,11080,A,50,50102010
17874,6/30/2019,2019,2,INDL,C,D,STD,T-MOBILE US INC,USD,2019Q2,2019Q2,84788,939,10979,A,50,50102010
17874,9/30/2019,2019,3,INDL,C,D,STD,T-MOBILE US INC,USD,2019Q3,2019Q3,86109,870,11061,A,50,50102010
17874,12/31/2019,2019,4,INDL,C,D,STD,T-MOBILE US INC,USD,2019Q4,2019Q4,86921,751,11878,A,50,50102010
17874,3/31/2020,2020,1,INDL,C,D,STD,T-MOBILE US INC,USD,2020Q1,2020Q1,87226,951,11113,A,50,50102010
17874,6/30/2020,2020,2,INDL,C,D,STD,T-MOBILE US INC,USD,2020Q2,2020Q2,187199,110,17671,A,50,50102010
17874,9/30/2020,2020,3,INDL,C,D,STD,T-MOBILE US INC,USD,2020Q3,2020Q3,192443,1253,19272,A,50,50102010
17874,12/31/2020,2020,4,INDL,C,D,STD,T-MOBILE US INC,USD,2020Q4,2020Q4,200162,750,20341,A,50,50102010
17874,3/31/2021,2021,1,INDL,C,D,STD,T-MOBILE US INC,USD,2021Q1,2021Q1,203332,933,19759,A,50,50102010
18043,9/30/2010,2011,1,INDL,C,D,STD,NEWS CORP,USD,2010Q3,2011Q1,,,,A,50,50201040
18043,12/31/2010,2011,2,INDL,C,D,STD,NEWS CORP,USD,2010Q4,2011Q2,,,,A,50,50201040
18043,3/31/2011,2011,3,INDL,C,D,STD,NEWS CORP,USD,2011Q1,2011Q3,,,,A,50,50201040
18043,6/30/2011,2011,4,INDL,C,D,STD,NEWS CORP,USD,2011Q2,2011Q4,17008,678,9095,A,50,50201040
18043,9/30/2011,2012,1,INDL,C,D,STD,NEWS CORP,USD,2011Q3,2012Q1,,38,2165,A,50,50201040
18043,12/31/2011,2012,2,INDL,C,D,STD,NEWS CORP,USD,2011Q4,2012Q2,,73,2225,A,50,50201040
18043,3/31/2012,2012,3,INDL,C,D,STD,NEWS CORP,USD,2012Q1,2012Q3,,32,2130,A,50,50201040
18043,6/30/2012,2012,4,INDL,C,D,STD,NEWS CORP,USD,2012Q2,2012Q4,13090,-2218,2134,A,50,50201040
18043,9/30/2012,2013,1,INDL,C,D,STD,NEWS CORP,USD,2012Q3,2013Q1,,-92,2133,A,50,50201040
18043,12/31/2012,2013,2,INDL,C,D,STD,NEWS CORP,USD,2012Q4,2013Q2,,1399,2321,A,50,50201040
18043,3/31/2013,2013,3,INDL,C,D,STD,NEWS CORP,USD,2013Q1,2013Q3,16954,323,2180,A,50,50201040
18043,6/30/2013,2013,4,INDL,C,D,STD,NEWS CORP,USD,2013Q2,2013Q4,15643,-1124,2257,A,50,50201040
18043,9/30/2013,2014,1,INDL,C,D,STD,NEWS CORP,USD,2013Q3,2014Q1,16343,27,2072,A,50,50201040
18043,12/31/2013,2014,2,INDL,C,D,STD,NEWS CORP,USD,2013Q4,2014Q2,15983,151,2238,A,50,50201040
18043,3/31/2014,2014,3,INDL,C,D,STD,NEWS CORP,USD,2014Q1,2014Q3,16543,48,2078,A,50,50201040
18043,6/30/2014,2014,4,INDL,C,D,STD,NEWS CORP,USD,2014Q2,2014Q4,16489,13,2186,A,50,50201040
18043,9/30/2014,2015,1,INDL,C,D,STD,NEWS CORP,USD,2014Q3,2015Q1,16123,65,2108,A,50,50201040
18043,12/31/2014,2015,2,INDL,C,D,STD,NEWS CORP,USD,2014Q4,2015Q2,15970,143,2258,A,50,50201040
18043,3/31/2015,2015,3,INDL,C,D,STD,NEWS CORP,USD,2015Q1,2015Q3,15686,23,2041,A,50,50201040
18043,6/30/2015,2015,4,INDL,C,D,STD,NEWS CORP,USD,2015Q2,2015Q4,15093,-378,2117,A,50,50201040
18043,9/30/2015,2016,1,INDL,C,D,STD,NEWS CORP,USD,2015Q3,2016Q1,14756,175,2014,A,50,50201040
18043,12/31/2015,2016,2,INDL,C,D,STD,NEWS CORP,USD,2015Q4,2016Q2,14875,63,2161,A,50,50201040
18043,3/31/2016,2016,3,INDL,C,D,STD,NEWS CORP,USD,2016Q1,2016Q3,15716,-149,1891,A,50,50201040
18043,6/30/2016,2016,4,INDL,C,D,STD,NEWS CORP,USD,2016Q2,2016Q4,15483,90,2226,A,50,50201040
18043,9/30/2016,2017,1,INDL,C,D,STD,NEWS CORP,USD,2016Q3,2017Q1,15269,-15,1965,A,50,50201040
18043,12/31/2016,2017,2,INDL,C,D,STD,NEWS CORP,USD,2016Q4,2017Q2,14527,-289,2116,A,50,50201040
18043,3/31/2017,2017,3,INDL,C,D,STD,NEWS CORP,USD,2017Q1,2017Q3,14886,-5,1978,A,50,50201040
18043,6/30/2017,2017,4,INDL,C,D,STD,NEWS CORP,USD,2017Q2,2017Q4,14552,-429,2080,A,50,50201040
18043,9/30/2017,2018,1,INDL,C,D,STD,NEWS CORP,USD,2017Q3,2018Q1,14662,68,2058,A,50,50201040
18043,12/31/2017,2018,2,INDL,C,D,STD,NEWS CORP,USD,2017Q4,2018Q2,14359,-83,2180,A,50,50201040
18043,3/31/2018,2018,3,INDL,C,D,STD,NEWS CORP,USD,2018Q1,2018Q3,13372,-1128,2093,A,50,50201040
18043,6/30/2018,2018,4,INDL,C,D,STD,NEWS CORP,USD,2018Q2,2018Q4,16346,-371,2693,A,50,50201040
18043,9/30/2018,2019,1,INDL,C,D,STD,NEWS CORP,USD,2018Q3,2019Q1,16288,101,2476,A,50,50201040
18043,12/31/2018,2019,2,INDL,C,D,STD,NEWS CORP,USD,2018Q4,2019Q2,16227,95,2630,A,50,50201040
18043,3/31/2019,2019,3,INDL,C,D,STD,NEWS CORP,USD,2019Q1,2019Q3,16058,10,2460,A,50,50201040
18043,6/30/2019,2019,4,INDL,C,D,STD,NEWS CORP,USD,2019Q2,2019Q4,15711,-51,2470,A,50,50201040
18043,9/30/2019,2020,1,INDL,C,D,STD,NEWS CORP,USD,2019Q3,2020Q1,16233,-227,2340,A,50,50201040
18043,12/31/2019,2020,2,INDL,C,D,STD,NEWS CORP,USD,2019Q4,2020Q2,16282,85,2479,A,50,50201040
18043,3/31/2020,2020,3,INDL,C,D,STD,NEWS CORP,USD,2020Q1,2020Q3,14428,-730,2266,A,50,50201040
18043,6/30/2020,2020,4,INDL,C,D,STD,NEWS CORP,USD,2020Q2,2020Q4,14261,-397,1923,A,50,50201040
18043,9/30/2020,2021,1,INDL,C,D,STD,NEWS CORP,USD,2020Q3,2021Q1,14400,34,2117,A,50,50201040
18043,12/31/2020,2021,2,INDL,C,D,STD,NEWS CORP,USD,2020Q4,2021Q2,15094,231,2414,A,50,50201040
18043,3/31/2021,2021,3,INDL,C,D,STD,NEWS CORP,USD,2021Q1,2021Q3,15397,79,2335,A,50,50201040
18872,3/31/2011,2011,1,INDL,C,D,STD,TWITTER INC,USD,2011Q1,2011Q1,,-20.344,17.91,A,50,50203010
18872,6/30/2011,2011,2,INDL,C,D,STD,TWITTER INC,USD,2011Q2,2011Q2,,-24.562,20.773,A,50,50203010
18872,9/30/2011,2011,3,INDL,C,D,STD,TWITTER INC,USD,2011Q3,2011Q3,,-57.335,26.424,A,50,50203010
18872,12/31/2011,2011,4,INDL,C,D,STD,TWITTER INC,USD,2011Q4,2011Q4,720.675,-26.061,41.206,A,50,50203010
18872,3/31/2012,2012,1,INDL,C,D,STD,TWITTER INC,USD,2012Q1,2012Q1,,-21.521,54.313,A,50,50203010
18872,6/30/2012,2012,2,INDL,C,D,STD,TWITTER INC,USD,2012Q2,2012Q2,,-27.583,68.046,A,50,50203010
18872,9/30/2012,2012,3,INDL,C,D,STD,TWITTER INC,USD,2012Q3,2012Q3,,-21.59,82.327,A,50,50203010
18872,12/31/2012,2012,4,INDL,C,D,STD,TWITTER INC,USD,2012Q4,2012Q4,831.568,-8.705,112.247,A,50,50203010
18872,3/31/2013,2013,1,INDL,C,D,STD,TWITTER INC,USD,2013Q1,2013Q1,,-27.026,114.343,A,50,50203010
18872,6/30/2013,2013,2,INDL,C,D,STD,TWITTER INC,USD,2013Q2,2013Q2,,-42.225,139.292,A,50,50203010
18872,9/30/2013,2013,3,INDL,C,D,STD,TWITTER INC,USD,2013Q3,2013Q3,992.803,-64.601,168.58,A,50,50203010
18872,12/31/2013,2013,4,INDL,C,D,STD,TWITTER INC,USD,2013Q4,2013Q4,3366.24,-511.471,242.675,A,50,50203010
18872,3/31/2014,2014,1,INDL,C,D,STD,TWITTER INC,USD,2014Q1,2014Q1,3356.209,-132.362,250.492,A,50,50203010
18872,6/30/2014,2014,2,INDL,C,D,STD,TWITTER INC,USD,2014Q2,2014Q2,3584.817,-144.642,312.166,A,50,50203010
18872,9/30/2014,2014,3,INDL,C,D,STD,TWITTER INC,USD,2014Q3,2014Q3,5448.654,-175.464,361.266,A,50,50203010
18872,12/31/2014,2014,4,INDL,C,D,STD,TWITTER INC,USD,2014Q4,2014Q4,5583.082,-125.352,479.078,A,50,50203010
18872,3/31/2015,2015,1,INDL,C,D,STD,TWITTER INC,USD,2015Q1,2015Q1,5643.417,-162.442,435.939,A,50,50203010
18872,6/30/2015,2015,2,INDL,C,D,STD,TWITTER INC,USD,2015Q2,2015Q2,6230.334,-136.663,502.383,A,50,50203010
18872,9/30/2015,2015,3,INDL,C,D,STD,TWITTER INC,USD,2015Q3,2015Q3,6289.064,-131.69,569.237,A,50,50203010
18872,12/31/2015,2015,4,INDL,C,D,STD,TWITTER INC,USD,2015Q4,2015Q4,6442.439,-90.236,710.473,A,50,50203010
18872,3/31/2016,2016,1,INDL,C,D,STD,TWITTER INC,USD,2016Q1,2016Q1,6476.168,-79.731,594.521,A,50,50203010
18872,6/30/2016,2016,2,INDL,C,D,STD,TWITTER INC,USD,2016Q2,2016Q2,6616.814,-107.217,601.958,A,50,50203010
18872,9/30/2016,2016,3,INDL,C,D,STD,TWITTER INC,USD,2016Q3,2016Q3,6742.946,-102.871,615.934,A,50,50203010
18872,12/31/2016,2016,4,INDL,C,D,STD,TWITTER INC,USD,2016Q4,2016Q4,6870.365,-167.054,717.206,A,50,50203010
18872,3/31/2017,2017,1,INDL,C,D,STD,TWITTER INC,USD,2017Q1,2017Q1,6892.742,-61.559,548.251,A,50,50203010
18872,6/30/2017,2017,2,INDL,C,D,STD,TWITTER INC,USD,2017Q2,2017Q2,6963.098,-116.488,573.855,A,50,50203010
18872,9/30/2017,2017,3,INDL,C,D,STD,TWITTER INC,USD,2017Q3,2017Q3,7075.789,-21.095,589.633,A,50,50203010
18872,12/31/2017,2017,4,INDL,C,D,STD,TWITTER INC,USD,2017Q4,2017Q4,7412.477,91.079,731.56,A,50,50203010
18872,3/31/2018,2018,1,INDL,C,D,STD,TWITTER INC,USD,2018Q1,2018Q1,7539.441,60.997,664.871,A,50,50203010
18872,6/30/2018,2018,2,INDL,C,D,STD,TWITTER INC,USD,2018Q2,2018Q2,8861.23,100.117,710.541,A,50,50203010
18872,9/30/2018,2018,3,INDL,C,D,STD,TWITTER INC,USD,2018Q3,2018Q3,9746.192,789.179,758.111,A,50,50203010
18872,12/31/2018,2018,4,INDL,C,D,STD,TWITTER INC,USD,2018Q4,2018Q4,10162.572,255.303,908.836,A,50,50203010
18872,3/31/2019,2019,1,INDL,C,D,STD,TWITTER INC,USD,2019Q1,2019Q1,11145.231,190.804,786.89,A,50,50203010
18872,6/30/2019,2019,2,INDL,C,D,STD,TWITTER INC,USD,2019Q2,2019Q2,12521.607,1119.56,841.381,A,50,50203010
18872,9/30/2019,2019,3,INDL,C,D,STD,TWITTER INC,USD,2019Q3,2019Q3,11600.925,36.522,823.717,A,50,50203010
18872,12/31/2019,2019,4,INDL,C,D,STD,TWITTER INC,USD,2019Q4,2019Q4,12703.389,118.773,1007.341,A,50,50203010
18872,3/31/2020,2020,1,INDL,C,D,STD,TWITTER INC,USD,2020Q1,2020Q1,13540.725,-8.396,807.637,A,50,50203010
18872,6/30/2020,2020,2,INDL,C,D,STD,TWITTER INC,USD,2020Q2,2020Q2,12547.587,-1378.005,683.438,A,50,50203010
18872,9/30/2020,2020,3,INDL,C,D,STD,TWITTER INC,USD,2020Q3,2020Q3,13088.792,28.659,936.233,A,50,50203010
18872,12/31/2020,2020,4,INDL,C,D,STD,TWITTER INC,USD,2020Q4,2020Q4,13379.09,222.116,1289.041,A,50,50203010
18872,3/31/2021,2021,1,INDL,C,D,STD,TWITTER INC,USD,2021Q1,2021Q1,14984.075,68.005,1036.018,A,50,50203010
60900,6/30/2010,2010,2,INDL,C,D,STD,DISH NETWORK CORP,USD,2010Q2,2010Q2,9031.019,256.99,3169.042,A,50,50201030
60900,9/30/2010,2010,3,INDL,C,D,STD,DISH NETWORK CORP,USD,2010Q3,2010Q3,9292.883,244.964,3207.728,A,50,50201030
60900,12/31/2010,2010,4,INDL,C,D,STD,DISH NETWORK CORP,USD,2010Q4,2010Q4,9632.153,251.828,3206.579,A,50,50201030
60900,3/31/2011,2011,1,INDL,C,D,STD,DISH NETWORK CORP,USD,2011Q1,2011Q1,10280.613,549.394,3224.131,A,50,50201030
60900,6/30/2011,2011,2,INDL,C,D,STD,DISH NETWORK CORP,USD,2011Q2,2011Q2,12827.702,334.76,3590.161,A,50,50201030
60900,9/30/2011,2011,3,INDL,C,D,STD,DISH NETWORK CORP,USD,2011Q3,2011Q3,13035.49,319.099,3602.651,A,50,50201030
60900,12/31/2011,2011,4,INDL,C,D,STD,DISH NETWORK CORP,USD,2011Q4,2011Q4,11470.231,312.654,3631.45,A,50,50201030
60900,3/31/2012,2012,1,INDL,C,D,STD,DISH NETWORK CORP,USD,2012Q1,2012Q1,12409.512,360.31,3581.869,A,50,50201030
60900,6/30/2012,2012,2,INDL,C,D,STD,DISH NETWORK CORP,USD,2012Q2,2012Q2,14521.163,225.732,3571.766,A,50,50201030
60900,9/30/2012,2012,3,INDL,C,D,STD,DISH NETWORK CORP,USD,2012Q3,2012Q3,16514.257,-158.461,2706.875,A,50,50201030
60900,12/31/2012,2012,4,INDL,C,D,STD,DISH NETWORK CORP,USD,2012Q4,2012Q4,17379.608,209.106,3320.824,A,50,50201030
60900,3/31/2013,2013,1,INDL,C,D,STD,DISH NETWORK CORP,USD,2013Q1,2013Q1,17654.399,215.598,3375.53,A,50,50201030
60900,6/30/2013,2013,2,INDL,C,D,STD,DISH NETWORK CORP,USD,2013Q2,2013Q2,20065.801,-11.052,3485.774,A,50,50201030
60900,9/30/2013,2013,3,INDL,C,D,STD,DISH NETWORK CORP,USD,2013Q3,2013Q3,20345.24,314.908,3505.021,A,50,50201030
60900,12/31/2013,2013,4,INDL,C,D,STD,DISH NETWORK CORP,USD,2013Q4,2013Q4,20375.628,288.038,3538.54,A,50,50201030
60900,3/31/2014,2014,1,INDL,C,D,STD,DISH NETWORK CORP,USD,2014Q1,2014Q1,20550.786,175.931,3594.198,A,50,50201030
60900,6/30/2014,2014,2,INDL,C,D,STD,DISH NETWORK CORP,USD,2014Q2,2014Q2,20768.696,213.313,3688.119,A,50,50201030
60900,9/30/2014,2014,3,INDL,C,D,STD,DISH NETWORK CORP,USD,2014Q3,2014Q3,21123.431,145.519,3679.351,A,50,50201030
60900,12/31/2014,2014,4,INDL,C,D,STD,DISH NETWORK CORP,USD,2014Q4,2014Q4,22107.462,409.93,3681.719,A,50,50201030
60900,3/31/2015,2015,1,INDL,C,D,STD,DISH NETWORK CORP,USD,2015Q1,2015Q1,22925.205,351.485,3724.228,A,50,50201030
60900,6/30/2015,2015,2,INDL,C,D,STD,DISH NETWORK CORP,USD,2015Q2,2015Q2,22762.688,324.423,3832.425,A,50,50201030
60900,9/30/2015,2015,3,INDL,C,D,STD,DISH NETWORK CORP,USD,2015Q3,2015Q3,23102.959,196.479,3733.565,A,50,50201030
60900,12/31/2015,2015,4,INDL,C,D,STD,DISH NETWORK CORP,USD,2015Q4,2015Q4,22886.71,-125.295,3778.683,A,50,50201030
60900,3/31/2016,2016,1,INDL,C,D,STD,DISH NETWORK CORP,USD,2016Q1,2016Q1,22009.374,399.891,3827.474,A,50,50201030
60900,6/30/2016,2016,2,INDL,C,D,STD,DISH NETWORK CORP,USD,2016Q2,2016Q2,24449.795,424.103,3864.591,A,50,50201030
60900,9/30/2016,2016,3,INDL,C,D,STD,DISH NETWORK CORP,USD,2016Q3,2016Q3,27576.509,318.452,3767.472,A,50,50201030
60900,12/31/2016,2016,4,INDL,C,D,STD,DISH NETWORK CORP,USD,2016Q4,2016Q4,28091.847,355.493,3752.765,A,50,50201030
60900,3/31/2017,2017,1,INDL,C,D,STD,DISH NETWORK CORP,USD,2017Q1,2017Q1,29448.199,375.715,3680.361,A,50,50201030
60900,6/30/2017,2017,2,INDL,C,D,STD,DISH NETWORK CORP,USD,2017Q2,2017Q2,29917.559,40.116,3643.632,A,50,50201030
60900,9/30/2017,2017,3,INDL,C,D,STD,DISH NETWORK CORP,USD,2017Q3,2017Q3,29520.855,297.375,3583.454,A,50,50201030
60900,12/31/2017,2017,4,INDL,C,D,STD,DISH NETWORK CORP,USD,2017Q4,2017Q4,29773.766,1385.483,3483.928,A,50,50201030
60900,3/31/2018,2018,1,INDL,C,D,STD,DISH NETWORK CORP,USD,2018Q1,2018Q1,30154.933,367.56,3458.487,A,50,50201030
60900,6/30/2018,2018,2,INDL,C,D,STD,DISH NETWORK CORP,USD,2018Q2,2018Q2,29650.012,438.717,3460.845,A,50,50201030
60900,9/30/2018,2018,3,INDL,C,D,STD,DISH NETWORK CORP,USD,2018Q3,2018Q3,30137.41,431.734,3395.141,A,50,50201030
60900,12/31/2018,2018,4,INDL,C,D,STD,DISH NETWORK CORP,USD,2018Q4,2018Q4,30587.012,337.08,3306.829,A,50,50201030
60900,3/31/2019,2019,1,INDL,C,D,STD,DISH NETWORK CORP,USD,2019Q1,2019Q1,31686.377,339.761,3187.144,A,50,50201030
60900,6/30/2019,2019,2,INDL,C,D,STD,DISH NETWORK CORP,USD,2019Q2,2019Q2,32284.116,317.043,3211.312,A,50,50201030
60900,9/30/2019,2019,3,INDL,C,D,STD,DISH NETWORK CORP,USD,2019Q3,2019Q3,31771.44,353.304,3168.363,A,50,50201030
60900,12/31/2019,2019,4,INDL,C,D,STD,DISH NETWORK CORP,USD,2019Q4,2019Q4,33230.935,389.404,3240.865,A,50,50201030
60900,3/31/2020,2020,1,INDL,C,D,STD,DISH NETWORK CORP,USD,2020Q1,2020Q1,33673.295,73.099,3217.389,A,50,50201030
60900,6/30/2020,2020,2,INDL,C,D,STD,DISH NETWORK CORP,USD,2020Q2,2020Q2,33497.474,452.343,3187.09,A,50,50201030
60900,9/30/2020,2020,3,INDL,C,D,STD,DISH NETWORK CORP,USD,2020Q3,2020Q3,36100.437,504.599,4531.591,A,50,50201030
60900,12/31/2020,2020,4,INDL,C,D,STD,DISH NETWORK CORP,USD,2020Q4,2020Q4,38239.947,732.632,4557.365,A,50,50201030
60900,3/31/2021,2021,1,INDL,C,D,STD,DISH NETWORK CORP,USD,2021Q1,2021Q1,38813.138,630.224,4497.853,A,50,50201030
64630,6/30/2010,2010,1,INDL,C,D,STD,TAKE-TWO INTERACTIVE SFTWR,USD,,2010Q1,,26.314,375.39,A,50,50202020
64630,9/30/2010,2010,2,INDL,C,D,STD,TAKE-TWO INTERACTIVE SFTWR,USD,,2010Q2,,3.339,244.972,A,50,50202020
64630,12/31/2010,2010,3,INDL,C,D,STD,TAKE-TWO INTERACTIVE SFTWR,USD,2010Q4,2010Q3,976.599,40.859,334.259,A,50,50202020
64630,3/31/2011,2010,4,INDL,C,D,STD,TAKE-TWO INTERACTIVE SFTWR,USD,2011Q1,2010Q4,971.659,-22.054,182.255,A,50,50202020
64630,6/30/2011,2011,1,INDL,C,D,STD,TAKE-TWO INTERACTIVE SFTWR,USD,2011Q2,2011Q1,1003.577,-8.713,334.38,A,50,50202020
64630,9/30/2011,2011,2,INDL,C,D,STD,TAKE-TWO INTERACTIVE SFTWR,USD,2011Q3,2011Q2,931.916,-47.371,107.034,A,50,50202020
64630,12/31/2011,2011,3,INDL,C,D,STD,TAKE-TWO INTERACTIVE SFTWR,USD,2011Q4,2011Q3,1140.596,14.104,236.325,A,50,50202020
64630,3/31/2012,2011,4,INDL,C,D,STD,TAKE-TWO INTERACTIVE SFTWR,USD,2012Q1,2011Q4,1149.427,-66.836,148.084,A,50,50202020
64630,6/30/2012,2012,1,INDL,C,D,STD,TAKE-TWO INTERACTIVE SFTWR,USD,2012Q2,2012Q1,1073.137,-110.838,226.139,A,50,50202020
64630,9/30/2012,2012,2,INDL,C,D,STD,TAKE-TWO INTERACTIVE SFTWR,USD,2012Q3,2012Q2,1164.745,-12.491,273.084,A,50,50202020
64630,12/31/2012,2012,3,INDL,C,D,STD,TAKE-TWO INTERACTIVE SFTWR,USD,2012Q4,2012Q3,1189.781,71.365,415.773,A,50,50202020
64630,3/31/2013,2012,4,INDL,C,D,STD,TAKE-TWO INTERACTIVE SFTWR,USD,2013Q1,2012Q4,1277.839,22.473,299.487,A,50,50202020
64630,6/30/2013,2013,1,INDL,C,D,STD,TAKE-TWO INTERACTIVE SFTWR,USD,2013Q2,2013Q1,1448.105,-61.914,142.667,A,50,50202020
64630,9/30/2013,2013,2,INDL,C,D,STD,TAKE-TWO INTERACTIVE SFTWR,USD,2013Q3,2013Q2,2701.314,-124.12,148.824,A,50,50202020
64630,12/31/2013,2013,3,INDL,C,D,STD,TAKE-TWO INTERACTIVE SFTWR,USD,2013Q4,2013Q3,1985.351,578.426,1863.869,A,50,50202020
64630,3/31/2014,2013,4,INDL,C,D,STD,TAKE-TWO INTERACTIVE SFTWR,USD,2014Q1,2013Q4,1799.63,-30.787,195.208,A,50,50202020
64630,6/30/2014,2014,1,INDL,C,D,STD,TAKE-TWO INTERACTIVE SFTWR,USD,2014Q2,2014Q1,1607.736,-35.403,125.425,A,50,50202020
64630,9/30/2014,2014,2,INDL,C,D,STD,TAKE-TWO INTERACTIVE SFTWR,USD,2014Q3,2014Q2,1665.212,-41.369,126.277,A,50,50202020
64630,12/31/2014,2014,3,INDL,C,D,STD,TAKE-TWO INTERACTIVE SFTWR,USD,2014Q4,2014Q3,2253.818,40.093,531.147,A,50,50202020
64630,3/31/2015,2014,4,INDL,C,D,STD,TAKE-TWO INTERACTIVE SFTWR,USD,2015Q1,2014Q4,2231.1,-242.791,300.089,A,50,50202020
64630,6/30/2015,2015,1,INDL,C,D,STD,TAKE-TWO INTERACTIVE SFTWR,USD,2015Q2,2015Q1,2352.604,-67.023,275.297,A,50,50202020
64630,9/30/2015,2015,2,INDL,C,D,STD,TAKE-TWO INTERACTIVE SFTWR,USD,2015Q3,2015Q2,2416.499,54.735,346.974,A,50,50202020
64630,12/31/2015,2015,3,INDL,C,D,STD,TAKE-TWO INTERACTIVE SFTWR,USD,2015Q4,2015Q3,2585.009,-42.413,414.221,A,50,50202020
64630,3/31/2016,2015,4,INDL,C,D,STD,TAKE-TWO INTERACTIVE SFTWR,USD,2016Q1,2015Q4,2590.277,46.399,377.206,A,50,50202020
64630,6/30/2016,2016,1,INDL,C,D,STD,TAKE-TWO INTERACTIVE SFTWR,USD,2016Q2,2016Q1,2538.727,-38.567,311.552,A,50,50202020
64630,9/30/2016,2016,2,INDL,C,D,STD,TAKE-TWO INTERACTIVE SFTWR,USD,2016Q3,2016Q2,2979.08,36.432,420.167,A,50,50202020
64630,12/31/2016,2016,3,INDL,C,D,STD,TAKE-TWO INTERACTIVE SFTWR,USD,2016Q4,2016Q3,3089.099,-29.842,476.473,A,50,50202020
64630,3/31/2017,2016,4,INDL,C,D,STD,TAKE-TWO INTERACTIVE SFTWR,USD,2017Q1,2016Q4,3149.154,99.28,571.556,A,50,50202020
64630,6/30/2017,2017,1,INDL,C,D,STD,TAKE-TWO INTERACTIVE SFTWR,USD,2017Q2,2017Q1,3219.57,60.276,418.216,A,50,50202020
64630,9/30/2017,2017,2,INDL,C,D,STD,TAKE-TWO INTERACTIVE SFTWR,USD,2017Q3,2017Q2,3696.38,-2.736,443.562,A,50,50202020
64630,12/31/2017,2017,3,INDL,C,D,STD,TAKE-TWO INTERACTIVE SFTWR,USD,2017Q4,2017Q3,3682.61,25.14,480.84,A,50,50202020
64630,3/31/2018,2017,4,INDL,C,D,STD,TAKE-TWO INTERACTIVE SFTWR,USD,2018Q1,2017Q4,3737.841,90.853,450.274,A,50,50202020
64630,6/30/2018,2018,1,INDL,C,D,STD,TAKE-TWO INTERACTIVE SFTWR,USD,2018Q2,2018Q1,3456.004,71.693,387.982,A,50,50202020
64630,9/30/2018,2018,2,INDL,C,D,STD,TAKE-TWO INTERACTIVE SFTWR,USD,2018Q3,2018Q2,3655.189,25.367,492.667,A,50,50202020
64630,12/31/2018,2018,3,INDL,C,D,STD,TAKE-TWO INTERACTIVE SFTWR,USD,2018Q4,2018Q3,4387.16,179.947,1248.738,A,50,50202020
64630,3/31/2019,2018,4,INDL,C,D,STD,TAKE-TWO INTERACTIVE SFTWR,USD,2019Q1,2018Q4,4243.065,56.83,539.007,A,50,50202020
64630,6/30/2019,2019,1,INDL,C,D,STD,TAKE-TWO INTERACTIVE SFTWR,USD,2019Q2,2019Q1,4366.222,46.28,540.459,A,50,50202020
64630,9/30/2019,2019,2,INDL,C,D,STD,TAKE-TWO INTERACTIVE SFTWR,USD,2019Q3,2019Q2,4815.111,71.815,857.841,A,50,50202020
64630,12/31/2019,2019,3,INDL,C,D,STD,TAKE-TWO INTERACTIVE SFTWR,USD,2019Q4,2019Q3,4879.633,163.642,930.129,A,50,50202020
64630,3/31/2020,2019,4,INDL,C,D,STD,TAKE-TWO INTERACTIVE SFTWR,USD,2020Q1,2019Q4,4948.832,122.722,760.541,A,50,50202020
64630,6/30/2020,2020,1,INDL,C,D,STD,TAKE-TWO INTERACTIVE SFTWR,USD,2020Q2,2020Q1,5369.241,88.505,831.31,A,50,50202020
64630,9/30/2020,2020,2,INDL,C,D,STD,TAKE-TWO INTERACTIVE SFTWR,USD,2020Q3,2020Q2,5836.154,99.321,841.142,A,50,50202020
64630,12/31/2020,2020,3,INDL,C,D,STD,TAKE-TWO INTERACTIVE SFTWR,USD,2020Q4,2020Q3,5966.099,182.248,860.889,A,50,50202020
64630,3/31/2021,2020,4,INDL,C,D,STD,TAKE-TWO INTERACTIVE SFTWR,USD,2021Q1,2020Q4,6028.218,218.812,839.431,A,50,50202020
126136,6/30/2010,2010,2,INDL,C,D,STD,CHARTER COMMUNICATIONS INC,USD,2010Q2,2010Q2,16007,-81,1771,A,50,50201030
126136,9/30/2010,2010,3,INDL,C,D,STD,CHARTER COMMUNICATIONS INC,USD,2010Q3,2010Q3,16535,-95,1769,A,50,50201030
126136,12/31/2010,2010,4,INDL,C,D,STD,CHARTER COMMUNICATIONS INC,USD,2010Q4,2010Q4,15707,-85,1784,A,50,50201030
126136,3/31/2011,2011,1,INDL,C,D,STD,CHARTER COMMUNICATIONS INC,USD,2011Q1,2011Q1,15705,-110,1770,A,50,50201030
126136,6/30/2011,2011,2,INDL,C,D,STD,CHARTER COMMUNICATIONS INC,USD,2011Q2,2011Q2,15809,-107,1791,A,50,50201030
126136,9/30/2011,2011,3,INDL,C,D,STD,CHARTER COMMUNICATIONS INC,USD,2011Q3,2011Q3,15638,-85,1809,A,50,50201030
126136,12/31/2011,2011,4,INDL,C,D,STD,CHARTER COMMUNICATIONS INC,USD,2011Q4,2011Q4,15605,-67,1834,A,50,50201030
126136,3/31/2012,2012,1,INDL,C,D,STD,CHARTER COMMUNICATIONS INC,USD,2012Q1,2012Q1,15519,-94,1827,A,50,50201030
126136,6/30/2012,2012,2,INDL,C,D,STD,CHARTER COMMUNICATIONS INC,USD,2012Q2,2012Q2,15553,-83,1884,A,50,50201030
126136,9/30/2012,2012,3,INDL,C,D,STD,CHARTER COMMUNICATIONS INC,USD,2012Q3,2012Q3,16497,-87,1880,A,50,50201030
126136,12/31/2012,2012,4,INDL,C,D,STD,CHARTER COMMUNICATIONS INC,USD,2012Q4,2012Q4,15599,-40,1913,A,50,50201030
126136,3/31/2013,2013,1,INDL,C,D,STD,CHARTER COMMUNICATIONS INC,USD,2013Q1,2013Q1,15639,-42,1917,A,50,50201030
126136,6/30/2013,2013,2,INDL,C,D,STD,CHARTER COMMUNICATIONS INC,USD,2013Q2,2013Q2,15589,-96,1972,A,50,50201030
126136,9/30/2013,2013,3,INDL,C,D,STD,CHARTER COMMUNICATIONS INC,USD,2013Q3,2013Q3,17250,-70,2118,A,50,50201030
126136,12/31/2013,2013,4,INDL,C,D,STD,CHARTER COMMUNICATIONS INC,USD,2013Q4,2013Q4,17295,39,2148,A,50,50201030
126136,3/31/2014,2014,1,INDL,C,D,STD,CHARTER COMMUNICATIONS INC,USD,2014Q1,2014Q1,17297,-37,2202,A,50,50201030
126136,6/30/2014,2014,2,INDL,C,D,STD,CHARTER COMMUNICATIONS INC,USD,2014Q2,2014Q2,17369,-45,2259,A,50,50201030
126136,9/30/2014,2014,3,INDL,C,D,STD,CHARTER COMMUNICATIONS INC,USD,2014Q3,2014Q3,20950,-53,2287,A,50,50201030
126136,12/31/2014,2014,4,INDL,C,D,STD,CHARTER COMMUNICATIONS INC,USD,2014Q4,2014Q4,24550,-48,2360,A,50,50201030
126136,3/31/2015,2015,1,INDL,C,D,STD,CHARTER COMMUNICATIONS INC,USD,2015Q1,2015Q1,24410,-81,2362,A,50,50201030
126136,6/30/2015,2015,2,INDL,C,D,STD,CHARTER COMMUNICATIONS INC,USD,2015Q2,2015Q2,17319,-122,2430,A,50,50201030
126136,9/30/2015,2015,3,INDL,C,D,STD,CHARTER COMMUNICATIONS INC,USD,2015Q3,2015Q3,36873,54,2450,A,50,50201030
126136,12/31/2015,2015,4,INDL,C,D,STD,CHARTER COMMUNICATIONS INC,USD,2015Q4,2015Q4,39316,-122,2512,A,50,50201030
126136,3/31/2016,2016,1,INDL,C,D,STD,CHARTER COMMUNICATIONS INC,USD,2016Q1,2016Q1,40524,-188,2530,A,50,50201030
126136,6/30/2016,2016,2,INDL,C,D,STD,CHARTER COMMUNICATIONS INC,USD,2016Q2,2016Q2,149195,3067,6161,A,50,50201030
126136,9/30/2016,2016,3,INDL,C,D,STD,CHARTER COMMUNICATIONS INC,USD,2016Q3,2016Q3,148897,189,10037,A,50,50201030
126136,12/31/2016,2016,4,INDL,C,D,STD,CHARTER COMMUNICATIONS INC,USD,2016Q4,2016Q4,149067,454,10275,A,50,50201030
126136,3/31/2017,2017,1,INDL,C,D,STD,CHARTER COMMUNICATIONS INC,USD,2017Q1,2017Q1,149444,155,10164,A,50,50201030
126136,6/30/2017,2017,2,INDL,C,D,STD,CHARTER COMMUNICATIONS INC,USD,2017Q2,2017Q2,146960,139,10357,A,50,50201030
126136,9/30/2017,2017,3,INDL,C,D,STD,CHARTER COMMUNICATIONS INC,USD,2017Q3,2017Q3,148228,48,10458,A,50,50201030
126136,12/31/2017,2017,4,INDL,C,D,STD,CHARTER COMMUNICATIONS INC,USD,2017Q4,2017Q4,146623,9553,10602,A,50,50201030
126136,3/31/2018,2018,1,INDL,C,D,STD,CHARTER COMMUNICATIONS INC,USD,2018Q1,2018Q1,146151,168,10657,A,50,50201030
126136,6/30/2018,2018,2,INDL,C,D,STD,CHARTER COMMUNICATIONS INC,USD,2018Q2,2018Q2,146251,273,10854,A,50,50201030
126136,9/30/2018,2018,3,INDL,C,D,STD,CHARTER COMMUNICATIONS INC,USD,2018Q3,2018Q3,146085,493,10892,A,50,50201030
126136,12/31/2018,2018,4,INDL,C,D,STD,CHARTER COMMUNICATIONS INC,USD,2018Q4,2018Q4,146130,296,11231,A,50,50201030
126136,3/31/2019,2019,1,INDL,C,D,STD,CHARTER COMMUNICATIONS INC,USD,2019Q1,2019Q1,147257,253,11206,A,50,50201030
126136,6/30/2019,2019,2,INDL,C,D,STD,CHARTER COMMUNICATIONS INC,USD,2019Q2,2019Q2,146085,314,11347,A,50,50201030
126136,9/30/2019,2019,3,INDL,C,D,STD,CHARTER COMMUNICATIONS INC,USD,2019Q3,2019Q3,145267,387,11450,A,50,50201030
126136,12/31/2019,2019,4,INDL,C,D,STD,CHARTER COMMUNICATIONS INC,USD,2019Q4,2019Q4,148188,714,11761,A,50,50201030
126136,3/31/2020,2020,1,INDL,C,D,STD,CHARTER COMMUNICATIONS INC,USD,2020Q1,2020Q1,146552,396,11738,A,50,50201030
126136,6/30/2020,2020,2,INDL,C,D,STD,CHARTER COMMUNICATIONS INC,USD,2020Q2,2020Q2,145136,766,11781,A,50,50201030
126136,9/30/2020,2020,3,INDL,C,D,STD,CHARTER COMMUNICATIONS INC,USD,2020Q3,2020Q3,144193,814,12257,A,50,50201030
126136,12/31/2020,2020,4,INDL,C,D,STD,CHARTER COMMUNICATIONS INC,USD,2020Q4,2020Q4,144206,1246,12641,A,50,50201030
126136,3/31/2021,2021,1,INDL,C,D,STD,CHARTER COMMUNICATIONS INC,USD,2021Q1,2021Q1,143439,807,12522,A,50,50201030
147579,6/30/2010,2010,2,INDL,C,D,STD,NETFLIX INC,USD,2010Q2,2010Q2,693.972,43.519,519.819,A,50,50202010
147579,9/30/2010,2010,3,INDL,C,D,STD,NETFLIX INC,USD,2010Q3,2010Q3,770.283,37.967,553.219,A,50,50202010
147579,12/31/2010,2010,4,INDL,C,D,STD,NETFLIX INC,USD,2010Q4,2010Q4,982.067,47.095,595.922,A,50,50202010
147579,3/31/2011,2011,1,INDL,C,D,STD,NETFLIX INC,USD,2011Q1,2011Q1,1090.188,60.233,718.553,A,50,50202010
147579,6/30/2011,2011,2,INDL,C,D,STD,NETFLIX INC,USD,2011Q2,2011Q2,1570.693,68.214,788.61,A,50,50202010
147579,9/30/2011,2011,3,INDL,C,D,STD,NETFLIX INC,USD,2011Q3,2011Q3,1961.558,62.46,821.839,A,50,50202010
147579,12/31/2011,2011,4,INDL,C,D,STD,NETFLIX INC,USD,2011Q4,2011Q4,3069.196,35.219,875.575,A,50,50202010
147579,3/31/2012,2012,1,INDL,C,D,STD,NETFLIX INC,USD,2012Q1,2012Q1,3480.459,-4.584,869.791,A,50,50202010
147579,6/30/2012,2012,2,INDL,C,D,STD,NETFLIX INC,USD,2012Q2,2012Q2,3478.29,6.164,889.163,A,50,50202010
147579,9/30/2012,2012,3,INDL,C,D,STD,NETFLIX INC,USD,2012Q3,2012Q3,3808.833,7.675,905.089,A,50,50202010
147579,12/31/2012,2012,4,INDL,C,D,STD,NETFLIX INC,USD,2012Q4,2012Q4,3967.89,7.897,945.239,A,50,50202010
147579,3/31/2013,2013,1,INDL,C,D,STD,NETFLIX INC,USD,2013Q1,2013Q1,4363.289,2.689,1023.961,A,50,50202010
147579,6/30/2013,2013,2,INDL,C,D,STD,NETFLIX INC,USD,2013Q2,2013Q2,4480.751,29.471,1069.372,A,50,50202010
147579,9/30/2013,2013,3,INDL,C,D,STD,NETFLIX INC,USD,2013Q3,2013Q3,4901.325,31.822,1105.999,A,50,50202010
147579,12/31/2013,2013,4,INDL,C,D,STD,NETFLIX INC,USD,2013Q4,2013Q4,5412.563,48.421,1175.23,A,50,50202010
147579,3/31/2014,2014,1,INDL,C,D,STD,NETFLIX INC,USD,2014Q1,2014Q1,6048.106,53.115,1270.089,A,50,50202010
147579,6/30/2014,2014,2,INDL,C,D,STD,NETFLIX INC,USD,2014Q2,2014Q2,6325.822,71.018,1340.407,A,50,50202010
147579,9/30/2014,2014,3,INDL,C,D,STD,NETFLIX INC,USD,2014Q3,2014Q3,6778.329,59.295,1409.432,A,50,50202010
147579,12/31/2014,2014,4,INDL,C,D,STD,NETFLIX INC,USD,2014Q4,2014Q4,7056.651,83.371,1484.728,A,50,50202010
147579,3/31/2015,2015,1,INDL,C,D,STD,NETFLIX INC,USD,2015Q1,2015Q1,9240.626,23.696,1573.129,A,50,50202010
147579,6/30/2015,2015,2,INDL,C,D,STD,NETFLIX INC,USD,2015Q2,2015Q2,9654.861,26.335,1644.694,A,50,50202010
147579,9/30/2015,2015,3,INDL,C,D,STD,NETFLIX INC,USD,2015Q3,2015Q3,9916.267,29.432,1738.355,A,50,50202010
147579,12/31/2015,2015,4,INDL,C,D,STD,NETFLIX INC,USD,2015Q4,2015Q4,10202.871,43.178,1823.333,A,50,50202010
147579,3/31/2016,2016,1,INDL,C,D,STD,NETFLIX INC,USD,2016Q1,2016Q1,11262.274,27.658,1957.736,A,50,50202010
147579,6/30/2016,2016,2,INDL,C,D,STD,NETFLIX INC,USD,2016Q2,2016Q2,11593.507,40.755,2105.204,A,50,50202010
147579,9/30/2016,2016,3,INDL,C,D,STD,NETFLIX INC,USD,2016Q3,2016Q3,12347.338,51.517,2290.188,A,50,50202010
147579,12/31/2016,2016,4,INDL,C,D,STD,NETFLIX INC,USD,2016Q4,2016Q4,13586.61,66.748,2477.541,A,50,50202010
147579,3/31/2017,2017,1,INDL,C,D,STD,NETFLIX INC,USD,2017Q1,2017Q1,14359.096,178.222,2636.635,A,50,50202010
147579,6/30/2017,2017,2,INDL,C,D,STD,NETFLIX INC,USD,2017Q2,2017Q2,16517.223,65.6,2785.464,A,50,50202010
147579,9/30/2017,2017,3,INDL,C,D,STD,NETFLIX INC,USD,2017Q3,2017Q3,16951.54,129.59,2984.859,A,50,50202010
147579,12/31/2017,2017,4,INDL,C,D,STD,NETFLIX INC,USD,2017Q4,2017Q4,19012.742,185.517,3285.755,A,50,50202010
147579,3/31/2018,2018,1,INDL,C,D,STD,NETFLIX INC,USD,2018Q1,2018Q1,20152.797,290.124,3700.856,A,50,50202010
147579,6/30/2018,2018,2,INDL,C,D,STD,NETFLIX INC,USD,2018Q2,2018Q2,22663.537,384.349,3907.27,A,50,50202010
147579,9/30/2018,2018,3,INDL,C,D,STD,NETFLIX INC,USD,2018Q3,2018Q3,23366.229,402.835,3999.374,A,50,50202010
147579,12/31/2018,2018,4,INDL,C,D,STD,NETFLIX INC,USD,2018Q4,2018Q4,25974.4,133.934,4186.841,A,50,50202010
147579,3/31/2019,2019,1,INDL,C,D,STD,NETFLIX INC,USD,2019Q1,2019Q1,27218.632,344.052,4520.992,A,50,50202010
147579,6/30/2019,2019,2,INDL,C,D,STD,NETFLIX INC,USD,2019Q2,2019Q2,30171.339,270.65,4923.116,A,50,50202010
147579,9/30/2019,2019,3,INDL,C,D,STD,NETFLIX INC,USD,2019Q3,2019Q3,30941.711,665.244,5244.905,A,50,50202010
147579,12/31/2019,2019,4,INDL,C,D,STD,NETFLIX INC,USD,2019Q4,2019Q4,33975.712,586.97,5467.434,A,50,50202010
147579,3/31/2020,2020,1,INDL,C,D,STD,NETFLIX INC,USD,2020Q1,2020Q1,35059.91,709.067,5767.691,A,50,50202010
147579,6/30/2020,2020,2,INDL,C,D,STD,NETFLIX INC,USD,2020Q2,2020Q2,37175.281,720.196,6148.286,A,50,50202010
147579,9/30/2020,2020,3,INDL,C,D,STD,NETFLIX INC,USD,2020Q3,2020Q3,38622.543,789.976,6435.637,A,50,50202010
147579,12/31/2020,2020,4,INDL,C,D,STD,NETFLIX INC,USD,2020Q4,2020Q4,39280.359,542.156,6644.442,A,50,50202010
147579,3/31/2021,2021,1,INDL,C,D,STD,NETFLIX INC,USD,2021Q1,2021Q1,40123.014,1706.715,7163.282,A,50,50202010
160329,6/30/2010,2010,2,INDL,C,D,STD,ALPHABET INC,USD,2010Q2,2010Q2,48045,1840,6820,A,50,50203010
160329,9/30/2010,2010,3,INDL,C,D,STD,ALPHABET INC,USD,2010Q3,2010Q3,53342,2167,7286,A,50,50203010
160329,12/31/2010,2010,4,INDL,C,D,STD,ALPHABET INC,USD,2010Q4,2010Q4,57851,2543,8440,A,50,50203010
160329,3/31/2011,2011,1,INDL,C,D,STD,ALPHABET INC,USD,2011Q1,2011Q1,59960,1798,8575,A,50,50203010
160329,6/30/2011,2011,2,INDL,C,D,STD,ALPHABET INC,USD,2011Q2,2011Q2,64861,2506,9027,A,50,50203010
160329,9/30/2011,2011,3,INDL,C,D,STD,ALPHABET INC,USD,2011Q3,2011Q3,69088,2729,9720,A,50,50203010
160329,12/31/2011,2011,4,INDL,C,D,STD,ALPHABET INC,USD,2011Q4,2011Q4,72574,2704,10583,A,50,50203010
160329,3/31/2012,2012,1,INDL,C,D,STD,ALPHABET INC,USD,2012Q1,2012Q1,77144,2890,10645,A,50,50203010
160329,6/30/2012,2012,2,INDL,C,D,STD,ALPHABET INC,USD,2012Q2,2012Q2,86051,2785,11807,A,50,50203010
160329,9/30/2012,2012,3,INDL,C,D,STD,ALPHABET INC,USD,2012Q3,2012Q3,89730,2176,13304,A,50,50203010
160329,12/31/2012,2012,4,INDL,C,D,STD,ALPHABET INC,USD,2012Q4,2012Q4,93798,2886,14419,A,50,50203010
160329,3/31/2013,2013,1,INDL,C,D,STD,ALPHABET INC,USD,2013Q1,2013Q1,96692,3346,12951,A,50,50203010
160329,6/30/2013,2013,2,INDL,C,D,STD,ALPHABET INC,USD,2013Q2,2013Q2,101182,3228,13107,A,50,50203010
160329,9/30/2013,2013,3,INDL,C,D,STD,ALPHABET INC,USD,2013Q3,2013Q3,105068,2970,13754,A,50,50203010
160329,12/31/2013,2013,4,INDL,C,D,STD,ALPHABET INC,USD,2013Q4,2013Q4,110920,3376,15707,A,50,50203010
160329,3/31/2014,2014,1,INDL,C,D,STD,ALPHABET INC,USD,2014Q1,2014Q1,116526,3371,15420,A,50,50203010
160329,6/30/2014,2014,2,INDL,C,D,STD,ALPHABET INC,USD,2014Q2,2014Q2,121608,3351,15955,A,50,50203010
160329,9/30/2014,2014,3,INDL,C,D,STD,ALPHABET INC,USD,2014Q3,2014Q3,125781,2739,16523,A,50,50203010
160329,12/31/2014,2014,4,INDL,C,D,STD,ALPHABET INC,USD,2014Q4,2014Q4,131133,4675,18103,A,50,50203010
160329,3/31/2015,2015,1,INDL,C,D,STD,ALPHABET INC,USD,2015Q1,2015Q1,133400,3515,17258,A,50,50203010
160329,6/30/2015,2015,2,INDL,C,D,STD,ALPHABET INC,USD,2015Q2,2015Q2,138807,3931,17727,A,50,50203010
160329,9/30/2015,2015,3,INDL,C,D,STD,ALPHABET INC,USD,2015Q3,2015Q3,144281,3979,18675,A,50,50203010
160329,12/31/2015,2015,4,INDL,C,D,STD,ALPHABET INC,USD,2015Q4,2015Q4,147461,4923,21329,A,50,50203010
160329,3/31/2016,2016,1,INDL,C,D,STD,ALPHABET INC,USD,2016Q1,2016Q1,149747,4207,20257,A,50,50203010
160329,6/30/2016,2016,2,INDL,C,D,STD,ALPHABET INC,USD,2016Q2,2016Q2,154292,4877,21500,A,50,50203010
160329,9/30/2016,2016,3,INDL,C,D,STD,ALPHABET INC,USD,2016Q3,2016Q3,159948,5061,22451,A,50,50203010
160329,12/31/2016,2016,4,INDL,C,D,STD,ALPHABET INC,USD,2016Q4,2016Q4,167497,5333,26064,A,50,50203010
160329,3/31/2017,2017,1,INDL,C,D,STD,ALPHABET INC,USD,2017Q1,2017Q1,172756,5426,24750,A,50,50203010
160329,6/30/2017,2017,2,INDL,C,D,STD,ALPHABET INC,USD,2017Q2,2017Q2,178621,3524,26010,A,50,50203010
160329,9/30/2017,2017,3,INDL,C,D,STD,ALPHABET INC,USD,2017Q3,2017Q3,189536,6732,27772,A,50,50203010
160329,12/31/2017,2017,4,INDL,C,D,STD,ALPHABET INC,USD,2017Q4,2017Q4,197295,-3020,32323,A,50,50203010
160329,3/31/2018,2018,1,INDL,C,D,STD,ALPHABET INC,USD,2018Q1,2018Q1,206935,9401,31146,A,50,50203010
160329,6/30/2018,2018,2,INDL,C,D,STD,ALPHABET INC,USD,2018Q2,2018Q2,211610,3195,32657,A,50,50203010
160329,9/30/2018,2018,3,INDL,C,D,STD,ALPHABET INC,USD,2018Q3,2018Q3,221538,9192,33740,A,50,50203010
160329,12/31/2018,2018,4,INDL,C,D,STD,ALPHABET INC,USD,2018Q4,2018Q4,232792,8948,39276,A,50,50203010
160329,3/31/2019,2019,1,INDL,C,D,STD,ALPHABET INC,USD,2019Q1,2019Q1,245349,6657,36339,A,50,50203010
160329,6/30/2019,2019,2,INDL,C,D,STD,ALPHABET INC,USD,2019Q2,2019Q2,257101,9947,38944,A,50,50203010
160329,9/30/2019,2019,3,INDL,C,D,STD,ALPHABET INC,USD,2019Q3,2019Q3,263044,7068,40499,A,50,50203010
160329,12/31/2019,2019,4,INDL,C,D,STD,ALPHABET INC,USD,2019Q4,2019Q4,275909,10671,46075,A,50,50203010
160329,3/31/2020,2020,1,INDL,C,D,STD,ALPHABET INC,USD,2020Q1,2020Q1,273403,6836,41159,A,50,50203010
160329,6/30/2020,2020,2,INDL,C,D,STD,ALPHABET INC,USD,2020Q2,2020Q2,278492,6959,38297,A,50,50203010
160329,9/30/2020,2020,3,INDL,C,D,STD,ALPHABET INC,USD,2020Q3,2020Q3,299243,11247,46173,A,50,50203010
160329,12/31/2020,2020,4,INDL,C,D,STD,ALPHABET INC,USD,2020Q4,2020Q4,319616,15227,56898,A,50,50203010
160329,3/31/2021,2021,1,INDL,C,D,STD,ALPHABET INC,USD,2021Q1,2021Q1,327095,17930,55314,A,50,50203010
164296,6/30/2010,2010,2,INDL,C,D,STD,DISCOVERY INC,USD,2010Q2,2010Q2,11074,107,963,A,50,50201020
164296,9/30/2010,2010,3,INDL,C,D,STD,DISCOVERY INC,USD,2010Q3,2010Q3,11398,186,926,A,50,50201020
164296,12/31/2010,2010,4,INDL,C,D,STD,DISCOVERY INC,USD,2010Q4,2010Q4,11019,191,1015,A,50,50201020
164296,3/31/2011,2011,1,INDL,C,D,STD,DISCOVERY INC,USD,2011Q1,2011Q1,11108,305,951,A,50,50201020
164296,6/30/2011,2011,2,INDL,C,D,STD,DISCOVERY INC,USD,2011Q2,2011Q2,11836,254,1031,A,50,50201020
164296,9/30/2011,2011,3,INDL,C,D,STD,DISCOVERY INC,USD,2011Q3,2011Q3,11801,237,1080,A,50,50201020
164296,12/31/2011,2011,4,INDL,C,D,STD,DISCOVERY INC,USD,2011Q4,2011Q4,11913,336,1106,A,50,50201020
164296,3/31/2012,2012,1,INDL,C,D,STD,DISCOVERY INC,USD,2012Q1,2012Q1,11935,221,1085,A,50,50201020
164296,6/30/2012,2012,2,INDL,C,D,STD,DISCOVERY INC,USD,2012Q2,2012Q2,12810,293,1126,A,50,50201020
164296,9/30/2012,2012,3,INDL,C,D,STD,DISCOVERY INC,USD,2012Q3,2012Q3,12687,205,1076,A,50,50201020
164296,12/31/2012,2012,4,INDL,C,D,STD,DISCOVERY INC,USD,2012Q4,2012Q4,12930,224,1200,A,50,50201020
164296,3/31/2013,2013,1,INDL,C,D,STD,DISCOVERY INC,USD,2013Q1,2013Q1,14421,231,1156,A,50,50201020
164296,6/30/2013,2013,2,INDL,C,D,STD,DISCOVERY INC,USD,2013Q2,2013Q2,14687,300,1467,A,50,50201020
164296,9/30/2013,2013,3,INDL,C,D,STD,DISCOVERY INC,USD,2013Q3,2013Q3,14867,255,1375,A,50,50201020
164296,12/31/2013,2013,4,INDL,C,D,STD,DISCOVERY INC,USD,2013Q4,2013Q4,14979,289,1537,A,50,50201020
164296,3/31/2014,2014,1,INDL,C,D,STD,DISCOVERY INC,USD,2014Q1,2014Q1,15311,230,1411,A,50,50201020
164296,6/30/2014,2014,2,INDL,C,D,STD,DISCOVERY INC,USD,2014Q2,2014Q2,16105,379,1610,A,50,50201020
164296,9/30/2014,2014,3,INDL,C,D,STD,DISCOVERY INC,USD,2014Q3,2014Q3,16373,280,1568,A,50,50201020
164296,12/31/2014,2014,4,INDL,C,D,STD,DISCOVERY INC,USD,2014Q4,2014Q4,16014,250,1676,A,50,50201020
164296,3/31/2015,2015,1,INDL,C,D,STD,DISCOVERY INC,USD,2015Q1,2015Q1,15782,250,1537,A,50,50201020
164296,6/30/2015,2015,2,INDL,C,D,STD,DISCOVERY INC,USD,2015Q2,2015Q2,15729,286,1654,A,50,50201020
164296,9/30/2015,2015,3,INDL,C,D,STD,DISCOVERY INC,USD,2015Q3,2015Q3,15919,279,1557,A,50,50201020
164296,12/31/2015,2015,4,INDL,C,D,STD,DISCOVERY INC,USD,2015Q4,2015Q4,15864,219,1646,A,50,50201020
164296,3/31/2016,2016,1,INDL,C,D,STD,DISCOVERY INC,USD,2016Q1,2016Q1,15878,263,1561,A,50,50201020
164296,6/30/2016,2016,2,INDL,C,D,STD,DISCOVERY INC,USD,2016Q2,2016Q2,15690,408,1708,A,50,50201020
164296,9/30/2016,2016,3,INDL,C,D,STD,DISCOVERY INC,USD,2016Q3,2016Q3,15850,219,1556,A,50,50201020
164296,12/31/2016,2016,4,INDL,C,D,STD,DISCOVERY INC,USD,2016Q4,2016Q4,15758,304,1672,A,50,50201020
164296,3/31/2017,2017,1,INDL,C,D,STD,DISCOVERY INC,USD,2017Q1,2017Q1,15862,215,1613,A,50,50201020
164296,6/30/2017,2017,2,INDL,C,D,STD,DISCOVERY INC,USD,2017Q2,2017Q2,16149,374,1745,A,50,50201020
164296,9/30/2017,2017,3,INDL,C,D,STD,DISCOVERY INC,USD,2017Q3,2017Q3,23143,218,1651,A,50,50201020
164296,12/31/2017,2017,4,INDL,C,D,STD,DISCOVERY INC,USD,2017Q4,2017Q4,22555,-1144,1864,A,50,50201020
164296,3/31/2018,2018,1,INDL,C,D,STD,DISCOVERY INC,USD,2018Q1,2018Q1,34658,-8,2307,A,50,50201020
164296,6/30/2018,2018,2,INDL,C,D,STD,DISCOVERY INC,USD,2018Q2,2018Q2,33492,210,2845,A,50,50201020
164296,9/30/2018,2018,3,INDL,C,D,STD,DISCOVERY INC,USD,2018Q3,2018Q3,32912,117,2592,A,50,50201020
164296,12/31/2018,2018,4,INDL,C,D,STD,DISCOVERY INC,USD,2018Q4,2018Q4,32550,270,2809,A,50,50201020
164296,3/31/2019,2019,1,INDL,C,D,STD,DISCOVERY INC,USD,2019Q1,2019Q1,32444,379,2707,A,50,50201020
164296,6/30/2019,2019,2,INDL,C,D,STD,DISCOVERY INC,USD,2019Q2,2019Q2,33845,948,2885,A,50,50201020
164296,9/30/2019,2019,3,INDL,C,D,STD,DISCOVERY INC,USD,2019Q3,2019Q3,32825,250,2678,A,50,50201020
164296,12/31/2019,2019,4,INDL,C,D,STD,DISCOVERY INC,USD,2019Q4,2019Q4,33735,472,2874,A,50,50201020
164296,3/31/2020,2020,1,INDL,C,D,STD,DISCOVERY INC,USD,2020Q1,2020Q1,33390,377,2683,A,50,50201020
164296,6/30/2020,2020,2,INDL,C,D,STD,DISCOVERY INC,USD,2020Q2,2020Q2,33089,272,2541,A,50,50201020
164296,9/30/2020,2020,3,INDL,C,D,STD,DISCOVERY INC,USD,2020Q3,2020Q3,33438,299,2561,A,50,50201020
164296,12/31/2020,2020,4,INDL,C,D,STD,DISCOVERY INC,USD,2020Q4,2020Q4,34087,271,2886,A,50,50201020
164296,3/31/2021,2021,1,INDL,C,D,STD,DISCOVERY INC,USD,2021Q1,2021Q1,33625,140,2792,A,50,50201020
165746,6/30/2010,2010,2,INDL,C,D,STD,LIVE NATION ENTERTAINMENT,USD,2010Q2,2010Q2,5509.899,-32.787,1266.735,A,50,50202010
165746,9/30/2010,2010,3,INDL,C,D,STD,LIVE NATION ENTERTAINMENT,USD,2010Q3,2010Q3,5392.549,51.007,1835.806,A,50,50202010
165746,12/31/2010,2010,4,INDL,C,D,STD,LIVE NATION ENTERTAINMENT,USD,2010Q4,2010Q4,5195.56,-124.397,1237.846,A,50,50202010
165746,3/31/2011,2011,1,INDL,C,D,STD,LIVE NATION ENTERTAINMENT,USD,2011Q1,2011Q1,5475.252,-48.46,849.409,A,50,50202010
165746,6/30/2011,2011,2,INDL,C,D,STD,LIVE NATION ENTERTAINMENT,USD,2011Q2,2011Q2,5652.228,13.257,1558.882,A,50,50202010
165746,9/30/2011,2011,3,INDL,C,D,STD,LIVE NATION ENTERTAINMENT,USD,2011Q3,2011Q3,5168.701,51.712,1790.025,A,50,50202010
165746,12/31/2011,2011,4,INDL,C,D,STD,LIVE NATION ENTERTAINMENT,USD,2011Q4,2011Q4,5087.771,-99.525,1185.682,A,50,50202010
165746,3/31/2012,2012,1,INDL,C,D,STD,LIVE NATION ENTERTAINMENT,USD,2012Q1,2012Q1,5549.739,-69.15,867.997,A,50,50202010
165746,6/30/2012,2012,2,INDL,C,D,STD,LIVE NATION ENTERTAINMENT,USD,2012Q2,2012Q2,5748.425,7.692,1550.677,A,50,50202010
165746,9/30/2012,2012,3,INDL,C,D,STD,LIVE NATION ENTERTAINMENT,USD,2012Q3,2012Q3,5432.248,57.948,1963.146,A,50,50202010
165746,12/31/2012,2012,4,INDL,C,D,STD,LIVE NATION ENTERTAINMENT,USD,2012Q4,2012Q4,5290.806,-159.717,1437.227,A,50,50202010
165746,3/31/2013,2013,1,INDL,C,D,STD,LIVE NATION ENTERTAINMENT,USD,2013Q1,2013Q1,5688.283,-63.467,923.698,A,50,50202010
165746,6/30/2013,2013,2,INDL,C,D,STD,LIVE NATION ENTERTAINMENT,USD,2013Q2,2013Q2,6082.811,58.198,1679.513,A,50,50202010
165746,9/30/2013,2013,3,INDL,C,D,STD,LIVE NATION ENTERTAINMENT,USD,2013Q3,2013Q3,5775.56,43.51,2262.236,A,50,50202010
165746,12/31/2013,2013,4,INDL,C,D,STD,LIVE NATION ENTERTAINMENT,USD,2013Q4,2013Q4,5683.521,-82.188,1613.1,A,50,50202010
165746,3/31/2014,2014,1,INDL,C,D,STD,LIVE NATION ENTERTAINMENT,USD,2014Q1,2014Q1,6260.175,-34.492,1127.316,A,50,50202010
165746,6/30/2014,2014,2,INDL,C,D,STD,LIVE NATION ENTERTAINMENT,USD,2014Q2,2014Q2,6872.12,22.474,1665.785,A,50,50202010
165746,9/30/2014,2014,3,INDL,C,D,STD,LIVE NATION ENTERTAINMENT,USD,2014Q3,2014Q3,6047.731,103.965,2502.008,A,50,50202010
165746,12/31/2014,2014,4,INDL,C,D,STD,LIVE NATION ENTERTAINMENT,USD,2014Q4,2014Q4,5988.361,-188.414,1571.855,A,50,50202010
165746,3/31/2015,2015,1,INDL,C,D,STD,LIVE NATION ENTERTAINMENT,USD,2015Q1,2015Q1,6338.401,-62.168,1120.312,A,50,50202010
165746,6/30/2015,2015,2,INDL,C,D,STD,LIVE NATION ENTERTAINMENT,USD,2015Q2,2015Q2,6713.516,11.952,1765.777,A,50,50202010
165746,9/30/2015,2015,3,INDL,C,D,STD,LIVE NATION ENTERTAINMENT,USD,2015Q3,2015Q3,6265.354,78.931,2622.917,A,50,50202010
165746,12/31/2015,2015,4,INDL,C,D,STD,LIVE NATION ENTERTAINMENT,USD,2015Q4,2015Q4,6156.241,-94.402,1736.725,A,50,50202010
165746,3/31/2016,2016,1,INDL,C,D,STD,LIVE NATION ENTERTAINMENT,USD,2016Q1,2016Q1,6927.174,-57.854,1207.716,A,50,50202010
165746,6/30/2016,2016,2,INDL,C,D,STD,LIVE NATION ENTERTAINMENT,USD,2016Q2,2016Q2,7043.426,26.449,2179.258,A,50,50202010
165746,9/30/2016,2016,3,INDL,C,D,STD,LIVE NATION ENTERTAINMENT,USD,2016Q3,2016Q3,6417.029,102.503,3170.416,A,50,50202010
165746,12/31/2016,2016,4,INDL,C,D,STD,LIVE NATION ENTERTAINMENT,USD,2016Q4,2016Q4,6764.266,-118.108,1797.544,A,50,50202010
165746,3/31/2017,2017,1,INDL,C,D,STD,LIVE NATION ENTERTAINMENT,USD,2017Q1,2017Q1,7823.517,-45.57,1242.879,A,50,50202010
165746,6/30/2017,2017,2,INDL,C,D,STD,LIVE NATION ENTERTAINMENT,USD,2017Q2,2017Q2,8251.426,62.641,2683.585,A,50,50202010
165746,9/30/2017,2017,3,INDL,C,D,STD,LIVE NATION ENTERTAINMENT,USD,2017Q3,2017Q3,7810.524,114.996,3440.308,A,50,50202010
165746,12/31/2017,2017,4,INDL,C,D,STD,LIVE NATION ENTERTAINMENT,USD,2017Q4,2017Q4,7504.263,-229.713,2320.449,A,50,50202010
165746,3/31/2018,2018,1,INDL,C,D,STD,LIVE NATION ENTERTAINMENT,USD,2018Q1,2018Q1,9117.548,-50.291,1482.384,A,50,50202010
165746,6/30/2018,2018,2,INDL,C,D,STD,LIVE NATION ENTERTAINMENT,USD,2018Q2,2018Q2,8952.809,52.187,2868.315,A,50,50202010
165746,9/30/2018,2018,3,INDL,C,D,STD,LIVE NATION ENTERTAINMENT,USD,2018Q3,2018Q3,8511.699,151.893,3835.246,A,50,50202010
165746,12/31/2018,2018,4,INDL,C,D,STD,LIVE NATION ENTERTAINMENT,USD,2018Q4,2018Q4,8496.886,-171.44,2601.855,A,50,50202010
165746,3/31/2019,2019,1,INDL,C,D,STD,LIVE NATION ENTERTAINMENT,USD,2019Q1,2019Q1,10302.533,-64.756,1727.828,A,50,50202010
165746,6/30/2019,2019,2,INDL,C,D,STD,LIVE NATION ENTERTAINMENT,USD,2019Q2,2019Q2,10529.387,89.84,3157.009,A,50,50202010
165746,9/30/2019,2019,3,INDL,C,D,STD,LIVE NATION ENTERTAINMENT,USD,2019Q3,2019Q3,9967.133,155.345,3773.684,A,50,50202010
165746,12/31/2019,2019,4,INDL,C,D,STD,LIVE NATION ENTERTAINMENT,USD,2019Q4,2019Q4,10975.615,-185.311,2889.448,A,50,50202010
165746,3/31/2020,2020,1,INDL,C,D,STD,LIVE NATION ENTERTAINMENT,USD,2020Q1,2020Q1,11861.444,-199.324,1365.693,A,50,50202010
165746,6/30/2020,2020,2,INDL,C,D,STD,LIVE NATION ENTERTAINMENT,USD,2020Q2,2020Q2,11622.3,-565.922,74.084,A,50,50202010
165746,9/30/2020,2020,3,INDL,C,D,STD,LIVE NATION ENTERTAINMENT,USD,2020Q3,2020Q3,10885.431,-521.912,184.018,A,50,50202010
165746,12/31/2020,2020,4,INDL,C,D,STD,LIVE NATION ENTERTAINMENT,USD,2020Q4,2020Q4,10589.303,-436.197,237.383,A,50,50202010
165746,3/31/2021,2021,1,INDL,C,D,STD,LIVE NATION ENTERTAINMENT,USD,2021Q1,2021Q1,10919.642,-308.109,290.609,A,50,50202010
170617,6/30/2010,2010,2,INDL,C,D,STD,FACEBOOK INC,USD,2010Q2,2010Q2,,129,432,A,50,50203010
170617,9/30/2010,2010,3,INDL,C,D,STD,FACEBOOK INC,USD,2010Q3,2010Q3,,131,467,A,50,50203010
170617,12/31/2010,2010,4,INDL,C,D,STD,FACEBOOK INC,USD,2010Q4,2010Q4,2990,251,730,A,50,50203010
170617,3/31/2011,2011,1,INDL,C,D,STD,FACEBOOK INC,USD,2011Q1,2011Q1,,233,731,A,50,50203010
170617,6/30/2011,2011,2,INDL,C,D,STD,FACEBOOK INC,USD,2011Q2,2011Q2,,238,895,A,50,50203010
170617,9/30/2011,2011,3,INDL,C,D,STD,FACEBOOK INC,USD,2011Q3,2011Q3,,227,954,A,50,50203010
170617,12/31/2011,2011,4,INDL,C,D,STD,FACEBOOK INC,USD,2011Q4,2011Q4,6331,302,1131,A,50,50203010
170617,3/31/2012,2012,1,INDL,C,D,STD,FACEBOOK INC,USD,2012Q1,2012Q1,6859,205,1058,A,50,50203010
170617,6/30/2012,2012,2,INDL,C,D,STD,FACEBOOK INC,USD,2012Q2,2012Q2,14928,-157,1184,A,50,50203010
170617,9/30/2012,2012,3,INDL,C,D,STD,FACEBOOK INC,USD,2012Q3,2012Q3,16038,-59,1262,A,50,50203010
170617,12/31/2012,2012,4,INDL,C,D,STD,FACEBOOK INC,USD,2012Q4,2012Q4,15103,64,1585,A,50,50203010
170617,3/31/2013,2013,1,INDL,C,D,STD,FACEBOOK INC,USD,2013Q1,2013Q1,15163,219,1458,A,50,50203010
170617,6/30/2013,2013,2,INDL,C,D,STD,FACEBOOK INC,USD,2013Q2,2013Q2,15724,333,1813,A,50,50203010
170617,9/30/2013,2013,3,INDL,C,D,STD,FACEBOOK INC,USD,2013Q3,2013Q3,14933,425,2015,A,50,50203010
170617,12/31/2013,2013,4,INDL,C,D,STD,FACEBOOK INC,USD,2013Q4,2013Q4,17895,523,2586,A,50,50203010
170617,3/31/2014,2014,1,INDL,C,D,STD,FACEBOOK INC,USD,2014Q1,2014Q1,19028,642,2502,A,50,50203010
170617,6/30/2014,2014,2,INDL,C,D,STD,FACEBOOK INC,USD,2014Q2,2014Q2,20769,791,2910,A,50,50203010
170617,9/30/2014,2014,3,INDL,C,D,STD,FACEBOOK INC,USD,2014Q3,2014Q3,24188,806,3203,A,50,50203010
170617,12/31/2014,2014,4,INDL,C,D,STD,FACEBOOK INC,USD,2014Q4,2014Q4,40184,701,3851,A,50,50203010
170617,3/31/2015,2015,1,INDL,C,D,STD,FACEBOOK INC,USD,2015Q1,2015Q1,42007,512,3543,A,50,50203010
170617,6/30/2015,2015,2,INDL,C,D,STD,FACEBOOK INC,USD,2015Q2,2015Q2,44130,719,4043,A,50,50203010
170617,9/30/2015,2015,3,INDL,C,D,STD,FACEBOOK INC,USD,2015Q3,2015Q3,46469,896,4501,A,50,50203010
170617,12/31/2015,2015,4,INDL,C,D,STD,FACEBOOK INC,USD,2015Q4,2015Q4,49407,1561,5841,A,50,50203010
170617,3/31/2016,2016,1,INDL,C,D,STD,FACEBOOK INC,USD,2016Q1,2016Q1,52075,1737,5382,A,50,50203010
170617,6/30/2016,2016,2,INDL,C,D,STD,FACEBOOK INC,USD,2016Q2,2016Q2,55739,2284,6436,A,50,50203010
170617,9/30/2016,2016,3,INDL,C,D,STD,FACEBOOK INC,USD,2016Q3,2016Q3,59674,2628,7011,A,50,50203010
170617,12/31/2016,2016,4,INDL,C,D,STD,FACEBOOK INC,USD,2016Q4,2016Q4,64961,3568,8809,A,50,50203010
170617,3/31/2017,2017,1,INDL,C,D,STD,FACEBOOK INC,USD,2017Q1,2017Q1,68714,3064,8032,A,50,50203010
170617,6/30/2017,2017,2,INDL,C,D,STD,FACEBOOK INC,USD,2017Q2,2017Q2,73843,3895,9321,A,50,50203010
170617,9/30/2017,2017,3,INDL,C,D,STD,FACEBOOK INC,USD,2017Q3,2017Q3,78998,4706,10328,A,50,50203010
170617,12/31/2017,2017,4,INDL,C,D,STD,FACEBOOK INC,USD,2017Q4,2017Q4,84524,4269,12972,A,50,50203010
170617,3/31/2018,2018,1,INDL,C,D,STD,FACEBOOK INC,USD,2018Q1,2018Q1,88945,4988,11966,A,50,50203010
170617,6/30/2018,2018,2,INDL,C,D,STD,FACEBOOK INC,USD,2018Q2,2018Q2,90291,5105,13231,A,50,50203010
170617,9/30/2018,2018,3,INDL,C,D,STD,FACEBOOK INC,USD,2018Q3,2018Q3,92452,5137,13727,A,50,50203010
170617,12/31/2018,2018,4,INDL,C,D,STD,FACEBOOK INC,USD,2018Q4,2018Q4,97334,6882,16914,A,50,50203010
170617,3/31/2019,2019,1,INDL,C,D,STD,FACEBOOK INC,USD,2019Q1,2019Q1,109477,2429,15077,A,50,50203010
170617,6/30/2019,2019,2,INDL,C,D,STD,FACEBOOK INC,USD,2019Q2,2019Q2,117006,2616,16886,A,50,50203010
170617,9/30/2019,2019,3,INDL,C,D,STD,FACEBOOK INC,USD,2019Q3,2019Q3,124418,6091,17652,A,50,50203010
170617,12/31/2019,2019,4,INDL,C,D,STD,FACEBOOK INC,USD,2019Q4,2019Q4,133376,7349,21082,A,50,50203010
170617,3/31/2020,2020,1,INDL,C,D,STD,FACEBOOK INC,USD,2020Q1,2020Q1,138371,4902,17737,A,50,50203010
170617,6/30/2020,2020,2,INDL,C,D,STD,FACEBOOK INC,USD,2020Q2,2020Q2,139691,5179,18686,A,50,50203010
170617,9/30/2020,2020,3,INDL,C,D,STD,FACEBOOK INC,USD,2020Q3,2020Q3,146437,7846,21470,A,50,50203010
170617,12/31/2020,2020,4,INDL,C,D,STD,FACEBOOK INC,USD,2020Q4,2020Q4,159316,11219,28072,A,50,50203010
170617,3/31/2021,2021,1,INDL,C,D,STD,FACEBOOK INC,USD,2021Q1,2021Q1,163523,9497,26171,A,50,50203010
180405,6/30/2010,2010,2,INDL,C,D,STD,ACTIVISION BLIZZARD INC,USD,2010Q2,2010Q2,12393,219,967,A,50,50202020
180405,9/30/2010,2010,3,INDL,C,D,STD,ACTIVISION BLIZZARD INC,USD,2010Q3,2010Q3,12570,51,744,A,50,50202020
180405,12/31/2010,2010,4,INDL,C,D,STD,ACTIVISION BLIZZARD INC,USD,2010Q4,2010Q4,13406,-233,1428,A,50,50202020
180405,3/31/2011,2011,1,INDL,C,D,STD,ACTIVISION BLIZZARD INC,USD,2011Q1,2011Q1,12377,503,1449,A,50,50202020
180405,6/30/2011,2011,2,INDL,C,D,STD,ACTIVISION BLIZZARD INC,USD,2011Q2,2011Q2,11972,335,1146,A,50,50202020
180405,9/30/2011,2011,3,INDL,C,D,STD,ACTIVISION BLIZZARD INC,USD,2011Q3,2011Q3,12113,148,753,A,50,50202020
180405,12/31/2011,2011,4,INDL,C,D,STD,ACTIVISION BLIZZARD INC,USD,2011Q4,2011Q4,13277,99,1407,A,50,50202020
180405,3/31/2012,2012,1,INDL,C,D,STD,ACTIVISION BLIZZARD INC,USD,2012Q1,2012Q1,12482,384,1172,A,50,50202020
180405,6/30/2012,2012,2,INDL,C,D,STD,ACTIVISION BLIZZARD INC,USD,2012Q2,2012Q2,12269,185,1075,A,50,50202020
180405,9/30/2012,2012,3,INDL,C,D,STD,ACTIVISION BLIZZARD INC,USD,2012Q3,2012Q3,12661,226,841,A,50,50202020
180405,12/31/2012,2012,4,INDL,C,D,STD,ACTIVISION BLIZZARD INC,USD,2012Q4,2012Q4,14200,354,1768,A,50,50202020
180405,3/31/2013,2013,1,INDL,C,D,STD,ACTIVISION BLIZZARD INC,USD,2013Q1,2013Q1,13725,456,1324,A,50,50202020
180405,6/30/2013,2013,2,INDL,C,D,STD,ACTIVISION BLIZZARD INC,USD,2013Q2,2013Q2,13411,324,1051,A,50,50202020
180405,9/30/2013,2013,3,INDL,C,D,STD,ACTIVISION BLIZZARD INC,USD,2013Q3,2013Q3,16060,57,690,A,50,50202020
180405,12/31/2013,2013,4,INDL,C,D,STD,ACTIVISION BLIZZARD INC,USD,2013Q4,2013Q4,14012,173,1518,A,50,50202020
180405,3/31/2014,2014,1,INDL,C,D,STD,ACTIVISION BLIZZARD INC,USD,2014Q1,2014Q1,13528,293,1111,A,50,50202020
180405,6/30/2014,2014,2,INDL,C,D,STD,ACTIVISION BLIZZARD INC,USD,2014Q2,2014Q2,13360,204,970,A,50,50202020
180405,9/30/2014,2014,3,INDL,C,D,STD,ACTIVISION BLIZZARD INC,USD,2014Q3,2014Q3,13855,-23,752,A,50,50202020
180405,12/31/2014,2014,4,INDL,C,D,STD,ACTIVISION BLIZZARD INC,USD,2014Q4,2014Q4,14746,361,1575,A,50,50202020
180405,3/31/2015,2015,1,INDL,C,D,STD,ACTIVISION BLIZZARD INC,USD,2015Q1,2015Q1,13777,394,1278,A,50,50202020
180405,6/30/2015,2015,2,INDL,C,D,STD,ACTIVISION BLIZZARD INC,USD,2015Q2,2015Q2,14015,212,1044,A,50,50202020
180405,9/30/2015,2015,3,INDL,C,D,STD,ACTIVISION BLIZZARD INC,USD,2015Q3,2015Q3,14302,127,990,A,50,50202020
180405,12/31/2015,2015,4,INDL,C,D,STD,ACTIVISION BLIZZARD INC,USD,2015Q4,2015Q4,15251,159,1352,A,50,50202020
180405,3/31/2016,2016,1,INDL,C,D,STD,ACTIVISION BLIZZARD INC,USD,2016Q1,2016Q1,17302,363,1455,A,50,50202020
180405,6/30/2016,2016,2,INDL,C,D,STD,ACTIVISION BLIZZARD INC,USD,2016Q2,2016Q2,16607,151,1571,A,50,50202020
180405,9/30/2016,2016,3,INDL,C,D,STD,ACTIVISION BLIZZARD INC,USD,2016Q3,2016Q3,18380,199,1568,A,50,50202020
180405,12/31/2016,2016,4,INDL,C,D,STD,ACTIVISION BLIZZARD INC,USD,2016Q4,2016Q4,17452,253,2014,A,50,50202020
180405,3/31/2017,2017,1,INDL,C,D,STD,ACTIVISION BLIZZARD INC,USD,2017Q1,2017Q1,16921,426,1726,A,50,50202020
180405,6/30/2017,2017,2,INDL,C,D,STD,ACTIVISION BLIZZARD INC,USD,2017Q2,2017Q2,16808,243,1630,A,50,50202020
180405,9/30/2017,2017,3,INDL,C,D,STD,ACTIVISION BLIZZARD INC,USD,2017Q3,2017Q3,17718,189,1618,A,50,50202020
180405,12/31/2017,2017,4,INDL,C,D,STD,ACTIVISION BLIZZARD INC,USD,2017Q4,2017Q4,18668,-585,2043,A,50,50202020
180405,3/31/2018,2018,1,INDL,C,D,STD,ACTIVISION BLIZZARD INC,USD,2018Q1,2018Q1,18397,500,1965,A,50,50202020
180405,6/30/2018,2018,2,INDL,C,D,STD,ACTIVISION BLIZZARD INC,USD,2018Q2,2018Q2,17958,402,1642,A,50,50202020
180405,9/30/2018,2018,3,INDL,C,D,STD,ACTIVISION BLIZZARD INC,USD,2018Q3,2018Q3,16713,260,1512,A,50,50202020
180405,12/31/2018,2018,4,INDL,C,D,STD,ACTIVISION BLIZZARD INC,USD,2018Q4,2018Q4,17835,686,2381,A,50,50202020
180405,3/31/2019,2019,1,INDL,C,D,STD,ACTIVISION BLIZZARD INC,USD,2019Q1,2019Q1,17948,447,1825,A,50,50202020
180405,6/30/2019,2019,2,INDL,C,D,STD,ACTIVISION BLIZZARD INC,USD,2019Q2,2019Q2,17495,327,1395,A,50,50202020
180405,9/30/2019,2019,3,INDL,C,D,STD,ACTIVISION BLIZZARD INC,USD,2019Q3,2019Q3,17805,204,1283,A,50,50202020
180405,12/31/2019,2019,4,INDL,C,D,STD,ACTIVISION BLIZZARD INC,USD,2019Q4,2019Q4,19845,525,1986,A,50,50202020
180405,3/31/2020,2020,1,INDL,C,D,STD,ACTIVISION BLIZZARD INC,USD,2020Q1,2020Q1,19604,505,1788,A,50,50202020
180405,6/30/2020,2020,2,INDL,C,D,STD,ACTIVISION BLIZZARD INC,USD,2020Q2,2020Q2,20220,579,1931,A,50,50202020
180405,9/30/2020,2020,3,INDL,C,D,STD,ACTIVISION BLIZZARD INC,USD,2020Q3,2020Q3,21577,604,1955,A,50,50202020
180405,12/31/2020,2020,4,INDL,C,D,STD,ACTIVISION BLIZZARD INC,USD,2020Q4,2020Q4,23109,509,2412,A,50,50202020
180405,3/31/2021,2021,1,INDL,C,D,STD,ACTIVISION BLIZZARD INC,USD,2021Q1,2021Q1,23425,619,2275,A,50,50202020
